date,name,total,dow,year,month
2024-01-01,內灣,2532,0,2024,1
2024-01-02,內灣,406,1,2024,1
2024-01-03,內灣,257,2,2024,1
2024-01-04,內灣,423,3,2024,1
2024-01-05,內灣,435,4,2024,1
2024-01-06,內灣,1675,5,2024,1
2024-01-07,內灣,1640,6,2024,1
2024-01-08,內灣,417,0,2024,1
2024-01-09,內灣,300,1,2024,1
2024-01-10,內灣,402,2,2024,1
2024-01-11,內灣,508,3,2024,1
2024-01-12,內灣,535,4,2024,1
2024-01-13,內灣,1357,5,2024,1
2024-01-14,內灣,2190,6,2024,1
2024-01-15,內灣,551,0,2024,1
2024-01-16,內灣,424,1,2024,1
2024-01-17,內灣,952,2,2024,1
2024-01-18,內灣,512,3,2024,1
2024-01-19,內灣,834,4,2024,1
2024-01-20,內灣,1846,5,2024,1
2024-01-21,內灣,1069,6,2024,1
2024-01-22,內灣,455,0,2024,1
2024-01-23,內灣,473,1,2024,1
2024-01-24,內灣,527,2,2024,1
2024-01-25,內灣,749,3,2024,1
2024-01-26,內灣,1084,4,2024,1
2024-01-27,內灣,1217,5,2024,1
2024-01-28,內灣,1762,6,2024,1
2024-01-29,內灣,584,0,2024,1
2024-01-30,內灣,821,1,2024,1
2024-01-31,內灣,976,2,2024,1
2024-02-01,內灣,845,3,2024,2
2024-02-02,內灣,1003,4,2024,2
2024-02-03,內灣,1534,5,2024,2
2024-02-04,內灣,1613,6,2024,2
2024-02-05,內灣,583,0,2024,2
2024-02-06,內灣,786,1,2024,2
2024-02-07,內灣,489,2,2024,2
2024-02-08,內灣,405,3,2024,2
2024-02-09,內灣,293,4,2024,2
2024-02-10,內灣,2782,5,2024,2
2024-02-11,內灣,3649,6,2024,2
2024-02-12,內灣,5015,0,2024,2
2024-02-13,內灣,4664,1,2024,2
2024-02-14,內灣,2970,2,2024,2
2024-02-15,內灣,1130,3,2024,2
2024-02-16,內灣,829,4,2024,2
2024-02-17,內灣,1389,5,2024,2
2024-02-18,內灣,2256,6,2024,2
2024-02-19,內灣,395,0,2024,2
2024-02-20,內灣,487,1,2024,2
2024-02-21,內灣,498,2,2024,2
2024-02-22,內灣,489,3,2024,2
2024-02-23,內灣,504,4,2024,2
2024-02-24,內灣,1508,5,2024,2
2024-02-25,內灣,1940,6,2024,2
2024-02-26,內灣,449,0,2024,2
2024-02-27,內灣,365,1,2024,2
2024-02-28,內灣,2986,2,2024,2
2024-02-29,內灣,600,3,2024,2
2024-03-01,內灣,347,4,2024,3
2024-03-02,內灣,726,5,2024,3
2024-03-03,內灣,1783,6,2024,3
2024-03-04,內灣,409,0,2024,3
2024-03-05,內灣,574,1,2024,3
2024-03-06,內灣,241,2,2024,3
2024-03-07,內灣,231,3,2024,3
2024-03-08,內灣,600,4,2024,3
2024-03-09,內灣,1484,5,2024,3
2024-03-10,內灣,1870,6,2024,3
2024-03-11,內灣,218,0,2024,3
2024-03-12,內灣,483,1,2024,3
2024-03-13,內灣,537,2,2024,3
2024-03-14,內灣,416,3,2024,3
2024-03-15,內灣,538,4,2024,3
2024-03-16,內灣,1652,5,2024,3
2024-03-17,內灣,2421,6,2024,3
2024-03-18,內灣,317,0,2024,3
2024-03-19,內灣,229,1,2024,3
2024-03-20,內灣,477,2,2024,3
2024-03-21,內灣,517,3,2024,3
2024-03-22,內灣,582,4,2024,3
2024-03-23,內灣,1941,5,2024,3
2024-03-24,內灣,1870,6,2024,3
2024-03-25,內灣,446,0,2024,3
2024-03-26,內灣,354,1,2024,3
2024-03-27,內灣,429,2,2024,3
2024-03-28,內灣,449,3,2024,3
2024-03-29,內灣,681,4,2024,3
2024-03-30,內灣,1492,5,2024,3
2024-03-31,內灣,1044,6,2024,3
2024-04-01,內灣,428,0,2024,4
2024-04-02,內灣,449,1,2024,4
2024-04-03,內灣,368,2,2024,4
2024-04-04,內灣,1485,3,2024,4
2024-04-05,內灣,3029,4,2024,4
2024-04-06,內灣,2657,5,2024,4
2024-04-07,內灣,1315,6,2024,4
2024-04-08,內灣,264,0,2024,4
2024-04-09,內灣,287,1,2024,4
2024-04-10,內灣,365,2,2024,4
2024-04-11,內灣,376,3,2024,4
2024-04-12,內灣,673,4,2024,4
2024-04-13,內灣,1824,5,2024,4
2024-04-14,內灣,1815,6,2024,4
2024-04-15,內灣,393,0,2024,4
2024-04-16,內灣,424,1,2024,4
2024-04-17,內灣,508,2,2024,4
2024-04-18,內灣,373,3,2024,4
2024-04-19,內灣,728,4,2024,4
2024-04-20,內灣,2398,5,2024,4
2024-04-21,內灣,2334,6,2024,4
2024-04-22,內灣,534,0,2024,4
2024-04-23,內灣,566,1,2024,4
2024-04-24,內灣,267,2,2024,4
2024-04-25,內灣,312,3,2024,4
2024-04-26,內灣,474,4,2024,4
2024-04-27,內灣,1382,5,2024,4
2024-04-28,內灣,1199,6,2024,4
2024-04-29,內灣,528,0,2024,4
2024-04-30,內灣,358,1,2024,4
2024-05-01,內灣,812,2,2024,5
2024-05-02,內灣,781,3,2024,5
2024-05-03,內灣,743,4,2024,5
2024-05-04,內灣,2521,5,2024,5
2024-05-05,內灣,1612,6,2024,5
2024-05-06,內灣,421,0,2024,5
2024-05-07,內灣,363,1,2024,5
2024-05-08,內灣,452,2,2024,5
2024-05-09,內灣,964,3,2024,5
2024-05-10,內灣,668,4,2024,5
2024-05-11,內灣,1962,5,2024,5
2024-05-12,內灣,1603,6,2024,5
2024-05-13,內灣,282,0,2024,5
2024-05-14,內灣,519,1,2024,5
2024-05-15,內灣,490,2,2024,5
2024-05-16,內灣,495,3,2024,5
2024-05-17,內灣,605,4,2024,5
2024-05-18,內灣,2498,5,2024,5
2024-05-19,內灣,2049,6,2024,5
2024-05-20,內灣,524,0,2024,5
2024-05-21,內灣,324,1,2024,5
2024-05-22,內灣,284,2,2024,5
2024-05-23,內灣,409,3,2024,5
2024-05-24,內灣,623,4,2024,5
2024-05-25,內灣,1870,5,2024,5
2024-05-26,內灣,1924,6,2024,5
2024-05-27,內灣,377,0,2024,5
2024-05-28,內灣,228,1,2024,5
2024-05-29,內灣,322,2,2024,5
2024-05-30,內灣,381,3,2024,5
2024-05-31,內灣,668,4,2024,5
2024-06-01,內灣,1375,5,2024,6
2024-06-02,內灣,693,6,2024,6
2024-06-03,內灣,475,0,2024,6
2024-06-04,內灣,543,1,2024,6
2024-06-05,內灣,344,2,2024,6
2024-06-06,內灣,527,3,2024,6
2024-06-07,內灣,501,4,2024,6
2024-06-08,內灣,1667,5,2024,6
2024-06-09,內灣,2311,6,2024,6
2024-06-10,內灣,1454,0,2024,6
2024-06-11,內灣,1046,1,2024,6
2024-06-12,內灣,737,2,2024,6
2024-06-13,內灣,490,3,2024,6
2024-06-14,內灣,534,4,2024,6
2024-06-15,內灣,1596,5,2024,6
2024-06-16,內灣,1797,6,2024,6
2024-06-17,內灣,397,0,2024,6
2024-06-18,內灣,415,1,2024,6
2024-06-19,內灣,428,2,2024,6
2024-06-20,內灣,473,3,2024,6
2024-06-21,內灣,668,4,2024,6
2024-06-22,內灣,1840,5,2024,6
2024-06-23,內灣,1261,6,2024,6
2024-06-24,內灣,570,0,2024,6
2024-06-25,內灣,479,1,2024,6
2024-06-26,內灣,411,2,2024,6
2024-06-27,內灣,679,3,2024,6
2024-06-28,內灣,533,4,2024,6
2024-06-29,內灣,1389,5,2024,6
2024-06-30,內灣,1736,6,2024,6
2024-07-01,內灣,454,0,2024,7
2024-07-02,內灣,488,1,2024,7
2024-07-03,內灣,474,2,2024,7
2024-07-04,內灣,582,3,2024,7
2024-07-05,內灣,727,4,2024,7
2024-07-06,內灣,1322,5,2024,7
2024-07-07,內灣,1206,6,2024,7
2024-07-08,內灣,565,0,2024,7
2024-07-09,內灣,565,1,2024,7
2024-07-10,內灣,634,2,2024,7
2024-07-11,內灣,674,3,2024,7
2024-07-12,內灣,718,4,2024,7
2024-07-13,內灣,1588,5,2024,7
2024-07-14,內灣,1513,6,2024,7
2024-07-15,內灣,448,0,2024,7
2024-07-16,內灣,437,1,2024,7
2024-07-17,內灣,463,2,2024,7
2024-07-18,內灣,588,3,2024,7
2024-07-19,內灣,707,4,2024,7
2024-07-20,內灣,1655,5,2024,7
2024-07-21,內灣,1471,6,2024,7
2024-07-22,內灣,499,0,2024,7
2024-07-23,內灣,460,1,2024,7
2024-07-25,內灣,5,3,2024,7
2024-07-26,內灣,356,4,2024,7
2024-07-27,內灣,1030,5,2024,7
2024-07-28,內灣,1493,6,2024,7
2024-07-29,內灣,538,0,2024,7
2024-07-30,內灣,763,1,2024,7
2024-07-31,內灣,575,2,2024,7
2024-08-01,內灣,448,3,2024,8
2024-08-02,內灣,708,4,2024,8
2024-08-03,內灣,1565,5,2024,8
2024-08-04,內灣,1311,6,2024,8
2024-08-05,內灣,499,0,2024,8
2024-08-06,內灣,609,1,2024,8
2024-08-07,內灣,652,2,2024,8
2024-08-08,內灣,414,3,2024,8
2024-08-09,內灣,672,4,2024,8
2024-08-10,內灣,1460,5,2024,8
2024-08-11,內灣,1460,6,2024,8
2024-08-12,內灣,831,0,2024,8
2024-08-13,內灣,625,1,2024,8
2024-08-14,內灣,477,2,2024,8
2024-08-15,內灣,503,3,2024,8
2024-08-16,內灣,669,4,2024,8
2024-08-17,內灣,1098,5,2024,8
2024-08-18,內灣,1090,6,2024,8
2024-08-19,內灣,545,0,2024,8
2024-08-20,內灣,618,1,2024,8
2024-08-21,內灣,720,2,2024,8
2024-08-22,內灣,645,3,2024,8
2024-08-23,內灣,762,4,2024,8
2024-08-24,內灣,1949,5,2024,8
2024-08-25,內灣,1815,6,2024,8
2024-08-26,內灣,601,0,2024,8
2024-08-27,內灣,691,1,2024,8
2024-08-28,內灣,675,2,2024,8
2024-08-29,內灣,544,3,2024,8
2024-08-30,內灣,570,4,2024,8
2024-08-31,內灣,1641,5,2024,8
2024-09-01,內灣,1341,6,2024,9
2024-09-02,內灣,355,0,2024,9
2024-09-03,內灣,429,1,2024,9
2024-09-04,內灣,335,2,2024,9
2024-09-05,內灣,358,3,2024,9
2024-09-06,內灣,441,4,2024,9
2024-09-07,內灣,1278,5,2024,9
2024-09-08,內灣,1137,6,2024,9
2024-09-09,內灣,486,0,2024,9
2024-09-10,內灣,279,1,2024,9
2024-09-11,內灣,291,2,2024,9
2024-09-12,內灣,328,3,2024,9
2024-09-13,內灣,470,4,2024,9
2024-09-14,內灣,1189,5,2024,9
2024-09-15,內灣,1288,6,2024,9
2024-09-16,內灣,527,0,2024,9
2024-09-17,內灣,1774,1,2024,9
2024-09-18,內灣,330,2,2024,9
2024-09-19,內灣,356,3,2024,9
2024-09-20,內灣,391,4,2024,9
2024-09-21,內灣,1047,5,2024,9
2024-09-22,內灣,695,6,2024,9
2024-09-23,內灣,212,0,2024,9
2024-09-24,內灣,315,1,2024,9
2024-09-25,內灣,429,2,2024,9
2024-09-26,內灣,449,3,2024,9
2024-09-27,內灣,470,4,2024,9
2024-09-28,內灣,1696,5,2024,9
2024-09-29,內灣,1880,6,2024,9
2024-09-30,內灣,334,0,2024,9
2024-10-01,內灣,215,1,2024,10
2024-10-02,內灣,163,2,2024,10
2024-10-03,內灣,2,3,2024,10
2024-10-04,內灣,207,4,2024,10
2024-10-05,內灣,1177,5,2024,10
2024-10-06,內灣,1810,6,2024,10
2024-10-07,內灣,257,0,2024,10
2024-10-08,內灣,269,1,2024,10
2024-10-09,內灣,337,2,2024,10
2024-10-10,內灣,2281,3,2024,10
2024-10-11,內灣,630,4,2024,10
2024-10-12,內灣,2198,5,2024,10
2024-10-13,內灣,2095,6,2024,10
2024-10-14,內灣,412,0,2024,10
2024-10-15,內灣,442,1,2024,10
2024-10-16,內灣,334,2,2024,10
2024-10-17,內灣,439,3,2024,10
2024-10-18,內灣,612,4,2024,10
2024-10-19,內灣,2073,5,2024,10
2024-10-20,內灣,1988,6,2024,10
2024-10-21,內灣,359,0,2024,10
2024-10-22,內灣,485,1,2024,10
2024-10-23,內灣,415,2,2024,10
2024-10-24,內灣,300,3,2024,10
2024-10-25,內灣,467,4,2024,10
2024-10-26,內灣,1572,5,2024,10
2024-10-27,內灣,1767,6,2024,10
2024-10-28,內灣,508,0,2024,10
2024-10-29,內灣,369,1,2024,10
2024-10-30,內灣,408,2,2024,10
2024-11-01,內灣,229,4,2024,11
2024-11-02,內灣,1419,5,2024,11
2024-11-03,內灣,2064,6,2024,11
2024-11-04,內灣,391,0,2024,11
2024-11-05,內灣,474,1,2024,11
2024-11-06,內灣,427,2,2024,11
2024-11-07,內灣,447,3,2024,11
2024-11-08,內灣,522,4,2024,11
2024-11-09,內灣,2016,5,2024,11
2024-11-10,內灣,1898,6,2024,11
2024-11-11,內灣,482,0,2024,11
2024-11-12,內灣,429,1,2024,11
2024-11-13,內灣,575,2,2024,11
2024-11-14,內灣,473,3,2024,11
2024-11-15,內灣,474,4,2024,11
2024-11-16,內灣,1278,5,2024,11
2024-11-17,內灣,1933,6,2024,11
2024-11-18,內灣,519,0,2024,11
2024-11-19,內灣,338,1,2024,11
2024-11-20,內灣,333,2,2024,11
2024-11-21,內灣,444,3,2024,11
2024-11-22,內灣,621,4,2024,11
2024-11-23,內灣,2012,5,2024,11
2024-11-24,內灣,2258,6,2024,11
2024-11-25,內灣,480,0,2024,11
2024-11-26,內灣,287,1,2024,11
2024-11-27,內灣,453,2,2024,11
2024-11-28,內灣,502,3,2024,11
2024-11-29,內灣,565,4,2024,11
2024-11-30,內灣,2130,5,2024,11
2024-12-01,內灣,2106,6,2024,12
2024-12-02,內灣,466,0,2024,12
2024-12-03,內灣,501,1,2024,12
2024-12-04,內灣,470,2,2024,12
2024-12-05,內灣,480,3,2024,12
2024-12-06,內灣,770,4,2024,12
2024-12-07,內灣,2017,5,2024,12
2024-12-08,內灣,2027,6,2024,12
2024-12-09,內灣,469,0,2024,12
2024-12-10,內灣,583,1,2024,12
2024-12-11,內灣,608,2,2024,12
2024-12-12,內灣,455,3,2024,12
2024-12-13,內灣,477,4,2024,12
2024-12-14,內灣,1181,5,2024,12
2024-12-15,內灣,1797,6,2024,12
2024-12-16,內灣,478,0,2024,12
2024-12-17,內灣,508,1,2024,12
2024-12-18,內灣,565,2,2024,12
2024-12-19,內灣,331,3,2024,12
2024-12-20,內灣,661,4,2024,12
2024-12-21,內灣,2122,5,2024,12
2024-12-22,內灣,1407,6,2024,12
2024-12-23,內灣,347,0,2024,12
2024-12-24,內灣,483,1,2024,12
2024-12-25,內灣,538,2,2024,12
2024-12-26,內灣,578,3,2024,12
2024-12-27,內灣,572,4,2024,12
2024-12-28,內灣,1739,5,2024,12
2024-12-29,內灣,2256,6,2024,12
2024-12-30,內灣,456,0,2024,12
2024-12-31,內灣,676,1,2024,12
2025-01-01,內灣,1965,2,2025,1
2025-01-02,內灣,622,3,2025,1
2025-01-03,內灣,476,4,2025,1
2025-01-04,內灣,1904,5,2025,1
2025-01-05,內灣,1710,6,2025,1
2025-01-06,內灣,408,0,2025,1
2025-01-07,內灣,416,1,2025,1
2025-01-08,內灣,370,2,2025,1
2025-01-09,內灣,467,3,2025,1
2025-01-10,內灣,394,4,2025,1
2025-01-11,內灣,1281,5,2025,1
2025-01-12,內灣,1531,6,2025,1
2025-01-13,內灣,531,0,2025,1
2025-01-14,內灣,432,1,2025,1
2025-01-15,內灣,291,2,2025,1
2025-01-16,內灣,575,3,2025,1
2025-01-17,內灣,464,4,2025,1
2025-01-18,內灣,1583,5,2025,1
2025-01-19,內灣,1195,6,2025,1
2025-01-20,內灣,513,0,2025,1
2025-01-21,內灣,1121,1,2025,1
2025-01-22,內灣,882,2,2025,1
2025-01-23,內灣,719,3,2025,1
2025-01-24,內灣,776,4,2025,1
2025-01-25,內灣,1467,5,2025,1
2025-01-26,內灣,1112,6,2025,1
2025-01-27,內灣,567,0,2025,1
2025-01-28,內灣,514,1,2025,1
2025-01-29,內灣,3522,2,2025,1
2025-01-30,內灣,3723,3,2025,1
2025-01-31,內灣,3983,4,2025,1
2025-02-01,內灣,3286,5,2025,2
2025-02-02,內灣,1241,6,2025,2
2025-02-03,內灣,293,0,2025,2
2025-02-04,內灣,1002,1,2025,2
2025-02-05,內灣,971,2,2025,2
2025-02-06,內灣,931,3,2025,2
2025-02-07,內灣,896,4,2025,2
2025-02-08,內灣,1110,5,2025,2
2025-02-09,內灣,1479,6,2025,2
2025-02-10,內灣,881,0,2025,2
2025-02-11,內灣,657,1,2025,2
2025-02-12,內灣,254,2,2025,2
2025-02-13,內灣,315,3,2025,2
2025-02-14,內灣,1267,4,2025,2
2025-02-15,內灣,1921,5,2025,2
2025-02-16,內灣,1954,6,2025,2
2025-02-17,內灣,417,0,2025,2
2025-02-18,內灣,463,1,2025,2
2025-02-19,內灣,560,2,2025,2
2025-02-20,內灣,436,3,2025,2
2025-02-21,內灣,382,4,2025,2
2025-02-22,內灣,2532,5,2025,2
2025-02-23,內灣,976,6,2025,2
2025-02-24,內灣,346,0,2025,2
2025-02-25,內灣,710,1,2025,2
2025-02-26,內灣,377,2,2025,2
2025-02-27,內灣,503,3,2025,2
2025-02-28,內灣,3967,4,2025,2
2025-03-01,內灣,4709,5,2025,3
2025-03-02,內灣,2790,6,2025,3
2025-03-03,內灣,455,0,2025,3
2025-03-04,內灣,280,1,2025,3
2025-03-05,內灣,242,2,2025,3
2025-03-06,內灣,176,3,2025,3
2025-03-07,內灣,339,4,2025,3
2025-03-08,內灣,1761,5,2025,3
2025-03-09,內灣,2417,6,2025,3
2025-03-10,內灣,504,0,2025,3
2025-03-11,內灣,581,1,2025,3
2025-03-12,內灣,604,2,2025,3
2025-03-13,內灣,374,3,2025,3
2025-03-14,內灣,349,4,2025,3
2025-03-15,內灣,1192,5,2025,3
2025-03-16,內灣,1237,6,2025,3
2025-03-17,內灣,303,0,2025,3
2025-03-18,內灣,431,1,2025,3
2025-03-19,內灣,405,2,2025,3
2025-03-20,內灣,753,3,2025,3
2025-03-21,內灣,672,4,2025,3
2025-03-22,內灣,2362,5,2025,3
2025-03-23,內灣,2611,6,2025,3
2025-03-24,內灣,521,0,2025,3
2025-03-25,內灣,659,1,2025,3
2025-03-26,內灣,470,2,2025,3
2025-03-27,內灣,573,3,2025,3
2025-03-28,內灣,416,4,2025,3
2025-03-29,內灣,1498,5,2025,3
2025-03-30,內灣,603,6,2025,3
2025-03-31,內灣,229,0,2025,3
2025-04-01,內灣,418,1,2025,4
2025-04-02,內灣,482,2,2025,4
2025-04-03,內灣,2529,3,2025,4
2025-04-04,內灣,3739,4,2025,4
2025-04-05,內灣,1527,5,2025,4
2025-04-06,內灣,1429,6,2025,4
2025-04-07,內灣,393,0,2025,4
2025-04-08,內灣,487,1,2025,4
2025-04-09,內灣,436,2,2025,4
2025-04-10,內灣,273,3,2025,4
2025-04-11,內灣,1002,4,2025,4
2025-04-12,內灣,1289,5,2025,4
2025-04-13,內灣,1708,6,2025,4
2025-04-14,內灣,457,0,2025,4
2025-04-15,內灣,602,1,2025,4
2025-04-16,內灣,612,2,2025,4
2025-04-17,內灣,626,3,2025,4
2025-04-18,內灣,795,4,2025,4
2025-04-19,內灣,4277,5,2025,4
2025-04-20,內灣,1547,6,2025,4
2025-04-21,內灣,639,0,2025,4
2025-04-22,內灣,606,1,2025,4
2025-04-23,內灣,336,2,2025,4
2025-04-24,內灣,704,3,2025,4
2025-04-25,內灣,372,4,2025,4
2025-04-26,內灣,2943,5,2025,4
2025-04-27,內灣,2544,6,2025,4
2025-04-28,內灣,352,0,2025,4
2025-04-29,內灣,666,1,2025,4
2025-04-30,內灣,569,2,2025,4
2025-05-01,內灣,2577,3,2025,5
2025-05-02,內灣,1022,4,2025,5
2025-05-03,內灣,2872,5,2025,5
2025-05-04,內灣,1958,6,2025,5
2025-05-05,內灣,376,0,2025,5
2025-05-06,內灣,419,1,2025,5
2025-05-07,內灣,262,2,2025,5
2025-05-08,內灣,1176,3,2025,5
2025-05-09,內灣,526,4,2025,5
2025-05-10,內灣,585,5,2025,5
2025-05-11,內灣,390,6,2025,5
2025-05-12,內灣,371,0,2025,5
2025-05-13,內灣,551,1,2025,5
2025-05-14,內灣,565,2,2025,5
2025-05-15,內灣,610,3,2025,5
2025-05-16,內灣,694,4,2025,5
2025-05-17,內灣,2335,5,2025,5
2025-05-18,內灣,2039,6,2025,5
2025-05-19,內灣,414,0,2025,5
2025-05-20,內灣,598,1,2025,5
2025-05-21,內灣,451,2,2025,5
2025-05-22,內灣,602,3,2025,5
2025-05-23,內灣,476,4,2025,5
2025-05-24,內灣,882,5,2025,5
2025-05-25,內灣,999,6,2025,5
2025-05-26,內灣,294,0,2025,5
2025-05-27,內灣,548,1,2025,5
2025-05-28,內灣,435,2,2025,5
2025-05-29,內灣,181,3,2025,5
2025-05-30,內灣,2272,4,2025,5
2025-05-31,內灣,2365,5,2025,5
2025-06-01,內灣,2203,6,2025,6
2025-06-02,內灣,376,0,2025,6
2025-06-03,內灣,301,1,2025,6
2025-06-04,內灣,274,2,2025,6
2025-06-05,內灣,387,3,2025,6
2025-06-06,內灣,1093,4,2025,6
2025-06-07,內灣,1604,5,2025,6
2025-06-08,內灣,1732,6,2025,6
2025-06-09,內灣,387,0,2025,6
2025-06-10,內灣,418,1,2025,6
2025-06-11,內灣,557,2,2025,6
2025-06-12,內灣,390,3,2025,6
2025-06-13,內灣,478,4,2025,6
2025-06-14,內灣,1622,5,2025,6
2025-06-15,內灣,1678,6,2025,6
2025-06-16,內灣,351,0,2025,6
2025-06-17,內灣,571,1,2025,6
2025-06-18,內灣,460,2,2025,6
2025-06-19,內灣,731,3,2025,6
2025-06-20,內灣,528,4,2025,6
2025-06-21,內灣,2347,5,2025,6
2025-06-22,內灣,1973,6,2025,6
2025-06-23,內灣,536,0,2025,6
2025-06-24,內灣,631,1,2025,6
2025-06-25,內灣,467,2,2025,6
2025-06-26,內灣,427,3,2025,6
2025-06-27,內灣,723,4,2025,6
2025-06-28,內灣,1641,5,2025,6
2025-06-29,內灣,1597,6,2025,6
2025-06-30,內灣,484,0,2025,6
2025-07-01,內灣,606,1,2025,7
2025-07-02,內灣,765,2,2025,7
2025-07-03,內灣,602,3,2025,7
2025-07-04,內灣,729,4,2025,7
2025-07-05,內灣,1419,5,2025,7
2025-07-06,內灣,1189,6,2025,7
2025-07-07,內灣,79,0,2025,7
2025-07-08,內灣,419,1,2025,7
2025-07-09,內灣,233,2,2025,7
2025-07-10,內灣,505,3,2025,7
2025-07-11,內灣,370,4,2025,7
2025-07-12,內灣,1470,5,2025,7
2025-07-13,內灣,1657,6,2025,7
2025-07-14,內灣,462,0,2025,7
2025-07-15,內灣,637,1,2025,7
2025-07-16,內灣,647,2,2025,7
2025-07-17,內灣,604,3,2025,7
2025-07-18,內灣,837,4,2025,7
2025-07-19,內灣,2328,5,2025,7
2025-07-20,內灣,1184,6,2025,7
2025-07-21,內灣,305,0,2025,7
2025-07-22,內灣,607,1,2025,7
2025-07-23,內灣,681,2,2025,7
2025-07-24,內灣,588,3,2025,7
2025-07-25,內灣,255,4,2025,7
2025-07-26,內灣,1243,5,2025,7
2025-07-27,內灣,1704,6,2025,7
2025-07-28,內灣,427,0,2025,7
2025-07-29,內灣,581,1,2025,7
2025-07-30,內灣,693,2,2025,7
2025-07-31,內灣,723,3,2025,7
2025-08-01,內灣,633,4,2025,8
2025-08-02,內灣,1741,5,2025,8
2025-08-03,內灣,1484,6,2025,8
2025-08-04,內灣,424,0,2025,8
2025-08-05,內灣,498,1,2025,8
2025-08-06,內灣,648,2,2025,8
2025-08-07,內灣,608,3,2025,8
2025-08-08,內灣,963,4,2025,8
2025-08-09,內灣,1914,5,2025,8
2025-08-10,內灣,2079,6,2025,8
2025-08-11,內灣,532,0,2025,8
2025-08-12,內灣,608,1,2025,8
2025-08-13,內灣,470,2,2025,8
2025-08-14,內灣,549,3,2025,8
2025-08-15,內灣,667,4,2025,8
2025-08-16,內灣,2031,5,2025,8
2025-08-17,內灣,1860,6,2025,8
2025-08-18,內灣,587,0,2025,8
2025-08-19,內灣,766,1,2025,8
2025-08-20,內灣,1106,2,2025,8
2025-08-21,內灣,613,3,2025,8
2025-08-22,內灣,850,4,2025,8
2025-08-23,內灣,1437,5,2025,8
2025-08-24,內灣,1863,6,2025,8
2025-08-25,內灣,570,0,2025,8
2025-08-26,內灣,627,1,2025,8
2025-08-27,內灣,632,2,2025,8
2025-08-28,內灣,830,3,2025,8
2025-08-29,內灣,676,4,2025,8
2025-08-30,內灣,1527,5,2025,8
2025-08-31,內灣,1645,6,2025,8
2025-09-01,內灣,348,0,2025,9
2025-09-02,內灣,334,1,2025,9
2025-09-03,內灣,356,2,2025,9
2025-09-04,內灣,338,3,2025,9
2025-09-05,內灣,557,4,2025,9
2025-09-06,內灣,1080,5,2025,9
2025-09-07,內灣,1363,6,2025,9
2025-09-08,內灣,287,0,2025,9
2025-09-09,內灣,317,1,2025,9
2025-09-10,內灣,385,2,2025,9
2025-09-11,內灣,399,3,2025,9
2025-09-12,內灣,489,4,2025,9
2025-09-13,內灣,1855,5,2025,9
2025-09-14,內灣,1702,6,2025,9
2025-09-15,內灣,416,0,2025,9
2025-09-16,內灣,366,1,2025,9
2025-09-17,內灣,332,2,2025,9
2025-09-18,內灣,442,3,2025,9
2025-09-19,內灣,471,4,2025,9
2025-09-20,內灣,1129,5,2025,9
2025-09-21,內灣,1625,6,2025,9
2025-09-22,內灣,334,0,2025,9
2025-09-23,內灣,277,1,2025,9
2025-09-24,內灣,312,2,2025,9
2025-09-25,內灣,494,3,2025,9
2025-09-26,內灣,585,4,2025,9
2025-09-27,內灣,1811,5,2025,9
2025-09-28,內灣,3101,6,2025,9
2025-09-29,內灣,1794,0,2025,9
2025-09-30,內灣,426,1,2025,9
2025-10-01,內灣,395,2,2025,10
2025-10-02,內灣,401,3,2025,10
2025-10-03,內灣,450,4,2025,10
2025-10-04,內灣,1366,5,2025,10
2025-10-05,內灣,2124,6,2025,10
2025-10-06,內灣,1370,0,2025,10
2025-10-07,內灣,366,1,2025,10
2025-10-08,內灣,451,2,2025,10
2025-10-09,內灣,474,3,2025,10
2025-10-10,內灣,2299,4,2025,10
2025-10-11,內灣,2826,5,2025,10
2025-10-12,內灣,1669,6,2025,10
2025-10-13,內灣,332,0,2025,10
2025-10-14,內灣,587,1,2025,10
2025-10-15,內灣,476,2,2025,10
2025-10-16,內灣,445,3,2025,10
2025-10-17,內灣,410,4,2025,10
2025-10-18,內灣,1556,5,2025,10
2025-10-19,內灣,1449,6,2025,10
2025-10-20,內灣,233,0,2025,10
2025-10-21,內灣,667,1,2025,10
2025-10-22,內灣,190,2,2025,10
2025-10-23,內灣,270,3,2025,10
2025-10-24,內灣,1124,4,2025,10
2025-10-25,內灣,2222,5,2025,10
2025-10-26,內灣,1868,6,2025,10
2025-10-27,內灣,425,0,2025,10
2025-10-28,內灣,272,1,2025,10
2025-10-29,內灣,452,2,2025,10
2025-10-30,內灣,503,3,2025,10
2025-10-31,內灣,480,4,2025,10
2025-11-01,內灣,1617,5,2025,11
2025-11-02,內灣,1740,6,2025,11
2025-11-03,內灣,327,0,2025,11
2025-11-04,內灣,386,1,2025,11
2025-11-05,內灣,424,2,2025,11
2025-11-06,內灣,481,3,2025,11
2025-11-07,內灣,557,4,2025,11
2025-11-08,內灣,1930,5,2025,11
2025-11-09,內灣,1987,6,2025,11
2025-11-10,內灣,320,0,2025,11
2025-11-11,內灣,217,1,2025,11
2025-11-12,內灣,211,2,2025,11
2025-11-13,內灣,243,3,2025,11
2025-11-14,內灣,514,4,2025,11
2025-11-15,內灣,1637,5,2025,11
2025-11-16,內灣,2826,6,2025,11
2025-11-17,內灣,447,0,2025,11
2025-11-18,內灣,373,1,2025,11
2025-11-19,內灣,289,2,2025,11
2025-11-20,內灣,468,3,2025,11
2025-11-21,內灣,524,4,2025,11
2025-11-22,內灣,1911,5,2025,11
2025-11-23,內灣,2273,6,2025,11
2025-11-24,內灣,646,0,2025,11
2025-11-25,內灣,680,1,2025,11
2025-11-26,內灣,508,2,2025,11
2025-11-27,內灣,669,3,2025,11
2025-11-28,內灣,626,4,2025,11
2025-11-29,內灣,1922,5,2025,11
2025-11-30,內灣,2109,6,2025,11
2025-12-01,內灣,418,0,2025,12
2025-12-02,內灣,399,1,2025,12
2025-12-03,內灣,593,2,2025,12
2025-12-04,內灣,447,3,2025,12
2025-12-05,內灣,586,4,2025,12
2025-12-06,內灣,2025,5,2025,12
2025-12-07,內灣,2093,6,2025,12
2025-12-08,內灣,613,0,2025,12
2025-12-09,內灣,451,1,2025,12
2025-12-10,內灣,504,2,2025,12
2025-12-11,內灣,436,3,2025,12
2025-12-12,內灣,667,4,2025,12
2025-12-13,內灣,1371,5,2025,12
2025-12-14,內灣,1731,6,2025,12
2025-12-15,內灣,582,0,2025,12
2025-12-16,內灣,597,1,2025,12
2025-12-17,內灣,513,2,2025,12
2025-12-18,內灣,390,3,2025,12
2025-12-19,內灣,462,4,2025,12
2025-12-20,內灣,1333,5,2025,12
2025-12-21,內灣,1223,6,2025,12
2025-12-22,內灣,560,0,2025,12
2025-12-23,內灣,546,1,2025,12
2025-12-24,內灣,450,2,2025,12
2025-12-25,內灣,1190,3,2025,12
2025-12-26,內灣,458,4,2025,12
2025-12-27,內灣,1067,5,2025,12
2025-12-28,內灣,1654,6,2025,12
2025-12-29,內灣,558,0,2025,12
2025-12-30,內灣,460,1,2025,12
2025-12-31,內灣,484,2,2025,12
2026-01-01,內灣,1883,3,2026,1
2026-01-02,內灣,404,4,2026,1
2026-01-03,內灣,1606,5,2026,1
2026-01-04,內灣,2013,6,2026,1
2026-01-05,內灣,304,0,2026,1
2026-01-06,內灣,344,1,2026,1
2026-01-07,內灣,341,2,2026,1
2026-01-08,內灣,406,3,2026,1
2026-01-09,內灣,491,4,2026,1
2026-01-10,內灣,1454,5,2026,1
2026-01-11,內灣,1587,6,2026,1
2026-01-12,內灣,320,0,2026,1
2026-01-13,內灣,499,1,2026,1
2026-01-14,內灣,483,2,2026,1
2026-01-15,內灣,633,3,2026,1
2026-01-16,內灣,1002,4,2026,1
2026-01-17,內灣,1811,5,2026,1
2026-01-18,內灣,1829,6,2026,1
2026-01-19,內灣,584,0,2026,1
2026-01-20,內灣,443,1,2026,1
2026-01-21,內灣,323,2,2026,1
2026-01-22,內灣,1329,3,2026,1
2026-01-23,內灣,465,4,2026,1
2026-01-24,內灣,1687,5,2026,1
2026-01-25,內灣,2082,6,2026,1
2026-01-26,內灣,577,0,2026,1
2026-01-27,內灣,808,1,2026,1
2026-01-28,內灣,560,2,2026,1
2026-01-29,內灣,1044,3,2026,1
2026-01-30,內灣,908,4,2026,1
2026-01-31,內灣,1035,5,2026,1
2026-02-01,內灣,767,6,2026,2
2026-02-02,內灣,399,0,2026,2
2026-02-03,內灣,1369,1,2026,2
2026-02-04,內灣,756,2,2026,2
2026-02-05,內灣,1123,3,2026,2
2026-02-06,內灣,866,4,2026,2
2026-02-07,內灣,1062,5,2026,2
2026-02-08,內灣,1096,6,2026,2
2026-02-09,內灣,463,0,2026,2
2026-02-10,內灣,980,1,2026,2
2026-02-11,內灣,617,2,2026,2
2026-02-12,內灣,762,3,2026,2
2026-02-13,內灣,649,4,2026,2
2026-02-14,內灣,1200,5,2026,2
2026-02-15,內灣,1077,6,2026,2
2026-02-16,內灣,484,0,2026,2
2026-02-17,內灣,2333,1,2026,2
2026-02-18,內灣,3020,2,2026,2
2026-02-19,內灣,4143,3,2026,2
2026-02-20,內灣,3294,4,2026,2
2026-02-21,內灣,3246,5,2026,2
2026-02-22,內灣,2242,6,2026,2
2026-02-23,內灣,546,0,2026,2
2026-02-24,內灣,526,1,2026,2
2026-02-25,內灣,481,2,2026,2
2026-02-26,內灣,502,3,2026,2
2026-02-27,內灣,1121,4,2026,2
2026-02-28,內灣,2335,5,2026,2
2026-03-01,內灣,1429,6,2026,3
2026-03-02,內灣,304,0,2026,3
2026-03-03,內灣,186,1,2026,3
2026-03-04,內灣,316,2,2026,3
2026-03-05,內灣,293,3,2026,3
2026-03-06,內灣,382,4,2026,3
2026-03-07,內灣,1831,5,2026,3
2026-03-08,內灣,1578,6,2026,3
2026-03-09,內灣,300,0,2026,3
2026-03-10,內灣,281,1,2026,3
2026-03-11,內灣,383,2,2026,3
2026-03-12,內灣,490,3,2026,3
2026-03-13,內灣,617,4,2026,3
2026-03-14,內灣,2002,5,2026,3
2026-03-15,內灣,1971,6,2026,3
2026-03-16,內灣,378,0,2026,3
2026-03-17,內灣,404,1,2026,3
2026-03-18,內灣,457,2,2026,3
2026-03-19,內灣,352,3,2026,3
2026-03-20,內灣,419,4,2026,3
2026-03-21,內灣,1762,5,2026,3
2026-03-22,內灣,1960,6,2026,3
2026-03-23,內灣,404,0,2026,3
2026-03-24,內灣,403,1,2026,3
2026-03-25,內灣,420,2,2026,3
2026-03-26,內灣,422,3,2026,3
2026-03-27,內灣,419,4,2026,3
2026-03-28,內灣,1268,5,2026,3
2026-03-29,內灣,1312,6,2026,3
2026-03-30,內灣,468,0,2026,3
2026-03-31,內灣,582,1,2026,3
2026-04-01,內灣,275,2,2026,4
2026-04-02,內灣,485,3,2026,4
2026-04-03,內灣,1281,4,2026,4
2026-04-04,內灣,691,5,2026,4
2026-04-05,內灣,1476,6,2026,4
2026-04-06,內灣,628,0,2026,4
2026-04-07,內灣,280,1,2026,4
2026-04-08,內灣,300,2,2026,4
2026-04-09,內灣,382,3,2026,4
2026-04-10,內灣,640,4,2026,4
2026-04-11,內灣,1956,5,2026,4
2026-04-12,內灣,1805,6,2026,4
2026-04-13,內灣,400,0,2026,4
2026-04-14,內灣,426,1,2026,4
2026-04-15,內灣,379,2,2026,4
2026-04-16,內灣,432,3,2026,4
2026-04-17,內灣,481,4,2026,4
2026-04-18,內灣,1673,5,2026,4
2026-04-19,內灣,1852,6,2026,4
2026-04-20,內灣,435,0,2026,4
2026-04-21,內灣,407,1,2026,4
2026-04-22,內灣,755,2,2026,4
2026-04-23,內灣,782,3,2026,4
2026-04-24,內灣,422,4,2026,4
2026-04-25,內灣,1487,5,2026,4
2026-04-26,內灣,2442,6,2026,4
2026-04-27,內灣,883,0,2026,4
2026-04-28,內灣,477,1,2026,4
2026-04-29,內灣,336,2,2026,4
2026-04-30,內灣,654,3,2026,4
2026-05-01,內灣,2708,4,2026,5
2026-05-02,內灣,3241,5,2026,5
2026-05-03,內灣,1940,6,2026,5
2026-05-04,內灣,311,0,2026,5
2026-05-05,內灣,216,1,2026,5
2026-05-06,內灣,366,2,2026,5
2026-05-07,內灣,558,3,2026,5
2026-05-08,內灣,570,4,2026,5
2026-05-09,內灣,1544,5,2026,5
2026-05-10,內灣,1691,6,2026,5
2026-05-11,內灣,405,0,2026,5
2026-05-12,內灣,582,1,2026,5
2026-05-13,內灣,303,2,2026,5
2026-05-14,內灣,296,3,2026,5
2026-05-15,內灣,854,4,2026,5
2026-05-16,內灣,2019,5,2026,5
2026-05-17,內灣,2115,6,2026,5
2026-05-18,內灣,463,0,2026,5
2026-05-19,內灣,451,1,2026,5
2026-05-20,內灣,516,2,2026,5
2026-05-21,內灣,482,3,2026,5
2026-05-22,內灣,605,4,2026,5
2026-05-23,內灣,1967,5,2026,5
2026-05-24,內灣,1818,6,2026,5
2026-05-25,內灣,558,0,2026,5
2026-05-26,內灣,565,1,2026,5
2026-05-27,內灣,353,2,2026,5
2026-05-28,內灣,489,3,2026,5
2026-05-29,內灣,421,4,2026,5
2026-05-30,內灣,1884,5,2026,5
2026-05-31,內灣,1704,6,2026,5
2026-06-01,內灣,353,0,2026,6
2026-06-02,內灣,701,1,2026,6
2026-06-03,內灣,442,2,2026,6
2026-06-04,內灣,685,3,2026,6
2026-06-05,內灣,572,4,2026,6
2026-06-06,內灣,920,5,2026,6
2026-06-07,內灣,1298,6,2026,6
2026-06-08,內灣,319,0,2026,6
2026-06-09,內灣,202,1,2026,6
2026-06-10,內灣,232,2,2026,6
2026-06-11,內灣,204,3,2026,6
2026-06-12,內灣,375,4,2026,6
2026-06-13,內灣,970,5,2026,6
2026-06-14,內灣,854,6,2026,6
2026-06-15,內灣,286,0,2026,6
2026-06-16,內灣,381,1,2026,6
2026-06-17,內灣,349,2,2026,6
2026-06-18,內灣,488,3,2026,6
2026-06-19,內灣,1455,4,2026,6
2026-06-20,內灣,2714,5,2026,6
2026-06-21,內灣,1803,6,2026,6
2026-06-22,內灣,377,0,2026,6
2026-06-23,內灣,554,1,2026,6
2026-06-24,內灣,461,2,2026,6
2026-06-25,內灣,406,3,2026,6
2026-06-26,內灣,100,4,2026,6
2026-06-27,內灣,508,5,2026,6
2026-06-28,內灣,1171,6,2026,6
2026-06-29,內灣,370,0,2026,6
2026-06-30,內灣,453,1,2026,6
2026-07-01,內灣,601,2,2026,7
2026-07-02,內灣,909,3,2026,7
2026-07-03,內灣,765,4,2026,7
2026-07-04,內灣,1562,5,2026,7
2026-07-05,內灣,1741,6,2026,7
2026-07-06,內灣,454,0,2026,7
2026-07-07,內灣,693,1,2026,7
2026-07-08,內灣,569,2,2026,7
2026-07-09,內灣,579,3,2026,7
2026-07-10,內灣,215,4,2026,7
2026-07-12,內灣,37,6,2026,7
2026-07-13,內灣,280,0,2026,7
2026-07-14,內灣,407,1,2026,7
2026-07-15,內灣,392,2,2026,7
2026-07-16,內灣,410,3,2026,7
2026-07-17,內灣,624,4,2026,7
2026-07-18,內灣,1333,5,2026,7
2026-07-19,內灣,1396,6,2026,7
2026-07-20,內灣,371,0,2026,7
2026-07-21,內灣,435,1,2026,7
2026-07-22,內灣,504,2,2026,7
2026-07-23,內灣,498,3,2026,7
2026-07-24,內灣,639,4,2026,7
2026-07-25,內灣,1418,5,2026,7
2026-07-26,內灣,1403,6,2026,7
2026-07-27,內灣,398,0,2026,7
2026-07-28,內灣,538,1,2026,7
2026-07-29,內灣,815,2,2026,7
2026-07-30,內灣,774,3,2026,7
2026-07-31,內灣,753,4,2026,7
2024-01-01,南港,26117,0,2024,1
2024-01-02,南港,32282,1,2024,1
2024-01-03,南港,30151,2,2024,1
2024-01-04,南港,31190,3,2024,1
2024-01-05,南港,34584,4,2024,1
2024-01-06,南港,24844,5,2024,1
2024-01-07,南港,20784,6,2024,1
2024-01-08,南港,30653,0,2024,1
2024-01-09,南港,30861,1,2024,1
2024-01-10,南港,31248,2,2024,1
2024-01-11,南港,32285,3,2024,1
2024-01-12,南港,38050,4,2024,1
2024-01-13,南港,24833,5,2024,1
2024-01-14,南港,23926,6,2024,1
2024-01-15,南港,31258,0,2024,1
2024-01-16,南港,32224,1,2024,1
2024-01-17,南港,31891,2,2024,1
2024-01-18,南港,32051,3,2024,1
2024-01-19,南港,37455,4,2024,1
2024-01-20,南港,26170,5,2024,1
2024-01-21,南港,21229,6,2024,1
2024-01-22,南港,29957,0,2024,1
2024-01-23,南港,29897,1,2024,1
2024-01-24,南港,31232,2,2024,1
2024-01-25,南港,33821,3,2024,1
2024-01-26,南港,36519,4,2024,1
2024-01-27,南港,26264,5,2024,1
2024-01-28,南港,24772,6,2024,1
2024-01-29,南港,30980,0,2024,1
2024-01-30,南港,31220,1,2024,1
2024-01-31,南港,31528,2,2024,1
2024-02-01,南港,31072,3,2024,2
2024-02-02,南港,33671,4,2024,2
2024-02-03,南港,24611,5,2024,2
2024-02-04,南港,23729,6,2024,2
2024-02-05,南港,30107,0,2024,2
2024-02-06,南港,31543,1,2024,2
2024-02-07,南港,33178,2,2024,2
2024-02-08,南港,18716,3,2024,2
2024-02-09,南港,13542,4,2024,2
2024-02-10,南港,20743,5,2024,2
2024-02-11,南港,24897,6,2024,2
2024-02-12,南港,25779,0,2024,2
2024-02-13,南港,25960,1,2024,2
2024-02-14,南港,24663,2,2024,2
2024-02-15,南港,30669,3,2024,2
2024-02-16,南港,31221,4,2024,2
2024-02-17,南港,31412,5,2024,2
2024-02-18,南港,22996,6,2024,2
2024-02-19,南港,31681,0,2024,2
2024-02-20,南港,31775,1,2024,2
2024-02-21,南港,32084,2,2024,2
2024-02-22,南港,31638,3,2024,2
2024-02-23,南港,36105,4,2024,2
2024-02-24,南港,26433,5,2024,2
2024-02-25,南港,22643,6,2024,2
2024-02-26,南港,31392,0,2024,2
2024-02-27,南港,32769,1,2024,2
2024-02-28,南港,23560,2,2024,2
2024-02-29,南港,32574,3,2024,2
2024-03-01,南港,34674,4,2024,3
2024-03-02,南港,22143,5,2024,3
2024-03-03,南港,21890,6,2024,3
2024-03-04,南港,31725,0,2024,3
2024-03-05,南港,32354,1,2024,3
2024-03-06,南港,31865,2,2024,3
2024-03-07,南港,31884,3,2024,3
2024-03-08,南港,36171,4,2024,3
2024-03-09,南港,26688,5,2024,3
2024-03-10,南港,23380,6,2024,3
2024-03-11,南港,31413,0,2024,3
2024-03-12,南港,31910,1,2024,3
2024-03-13,南港,32429,2,2024,3
2024-03-14,南港,33492,3,2024,3
2024-03-15,南港,37653,4,2024,3
2024-03-16,南港,28356,5,2024,3
2024-03-17,南港,25832,6,2024,3
2024-03-18,南港,31940,0,2024,3
2024-03-19,南港,31865,1,2024,3
2024-03-20,南港,33027,2,2024,3
2024-03-21,南港,33292,3,2024,3
2024-03-22,南港,36757,4,2024,3
2024-03-23,南港,25603,5,2024,3
2024-03-24,南港,22689,6,2024,3
2024-03-25,南港,32014,0,2024,3
2024-03-26,南港,31809,1,2024,3
2024-03-27,南港,32640,2,2024,3
2024-03-28,南港,33002,3,2024,3
2024-03-29,南港,36676,4,2024,3
2024-03-30,南港,27276,5,2024,3
2024-03-31,南港,22059,6,2024,3
2024-04-01,南港,31376,0,2024,4
2024-04-02,南港,32792,1,2024,4
2024-04-03,南港,31568,2,2024,4
2024-04-04,南港,23765,3,2024,4
2024-04-05,南港,24601,4,2024,4
2024-04-06,南港,25610,5,2024,4
2024-04-07,南港,24426,6,2024,4
2024-04-08,南港,32106,0,2024,4
2024-04-09,南港,30882,1,2024,4
2024-04-10,南港,31558,2,2024,4
2024-04-11,南港,31964,3,2024,4
2024-04-12,南港,34997,4,2024,4
2024-04-13,南港,26032,5,2024,4
2024-04-14,南港,23379,6,2024,4
2024-04-15,南港,31781,0,2024,4
2024-04-16,南港,31527,1,2024,4
2024-04-17,南港,32207,2,2024,4
2024-04-18,南港,31919,3,2024,4
2024-04-19,南港,36636,4,2024,4
2024-04-20,南港,27111,5,2024,4
2024-04-21,南港,24505,6,2024,4
2024-04-22,南港,30025,0,2024,4
2024-04-23,南港,29127,1,2024,4
2024-04-24,南港,29748,2,2024,4
2024-04-25,南港,31077,3,2024,4
2024-04-26,南港,35271,4,2024,4
2024-04-27,南港,24354,5,2024,4
2024-04-28,南港,22415,6,2024,4
2024-04-29,南港,32242,0,2024,4
2024-04-30,南港,32830,1,2024,4
2024-05-01,南港,23666,2,2024,5
2024-05-02,南港,31333,3,2024,5
2024-05-03,南港,36589,4,2024,5
2024-05-04,南港,26650,5,2024,5
2024-05-05,南港,23652,6,2024,5
2024-05-06,南港,32331,0,2024,5
2024-05-07,南港,32024,1,2024,5
2024-05-08,南港,31920,2,2024,5
2024-05-09,南港,32912,3,2024,5
2024-05-10,南港,37605,4,2024,5
2024-05-11,南港,26954,5,2024,5
2024-05-12,南港,23475,6,2024,5
2024-05-13,南港,31903,0,2024,5
2024-05-14,南港,32035,1,2024,5
2024-05-15,南港,33347,2,2024,5
2024-05-16,南港,33311,3,2024,5
2024-05-17,南港,36901,4,2024,5
2024-05-18,南港,28066,5,2024,5
2024-05-19,南港,24555,6,2024,5
2024-05-20,南港,31781,0,2024,5
2024-05-21,南港,31247,1,2024,5
2024-05-22,南港,31759,2,2024,5
2024-05-23,南港,33308,3,2024,5
2024-05-24,南港,38032,4,2024,5
2024-05-25,南港,29402,5,2024,5
2024-05-26,南港,26766,6,2024,5
2024-05-27,南港,33179,0,2024,5
2024-05-28,南港,31771,1,2024,5
2024-05-29,南港,32428,2,2024,5
2024-05-30,南港,32266,3,2024,5
2024-05-31,南港,35595,4,2024,5
2024-06-01,南港,25621,5,2024,6
2024-06-02,南港,20597,6,2024,6
2024-06-03,南港,32325,0,2024,6
2024-06-04,南港,33923,1,2024,6
2024-06-05,南港,33926,2,2024,6
2024-06-06,南港,34652,3,2024,6
2024-06-07,南港,40933,4,2024,6
2024-06-08,南港,25983,5,2024,6
2024-06-09,南港,22493,6,2024,6
2024-06-10,南港,21588,0,2024,6
2024-06-11,南港,32859,1,2024,6
2024-06-12,南港,32358,2,2024,6
2024-06-13,南港,33528,3,2024,6
2024-06-14,南港,35738,4,2024,6
2024-06-15,南港,27137,5,2024,6
2024-06-16,南港,24209,6,2024,6
2024-06-17,南港,32054,0,2024,6
2024-06-18,南港,31952,1,2024,6
2024-06-19,南港,32138,2,2024,6
2024-06-20,南港,33453,3,2024,6
2024-06-21,南港,35252,4,2024,6
2024-06-22,南港,26266,5,2024,6
2024-06-23,南港,24639,6,2024,6
2024-06-24,南港,32076,0,2024,6
2024-06-25,南港,32528,1,2024,6
2024-06-26,南港,33651,2,2024,6
2024-06-27,南港,34149,3,2024,6
2024-06-28,南港,38843,4,2024,6
2024-06-29,南港,27744,5,2024,6
2024-06-30,南港,23882,6,2024,6
2024-07-01,南港,31277,0,2024,7
2024-07-02,南港,30995,1,2024,7
2024-07-03,南港,31874,2,2024,7
2024-07-04,南港,32146,3,2024,7
2024-07-05,南港,35824,4,2024,7
2024-07-06,南港,27483,5,2024,7
2024-07-07,南港,25271,6,2024,7
2024-07-08,南港,32176,0,2024,7
2024-07-09,南港,31428,1,2024,7
2024-07-10,南港,31766,2,2024,7
2024-07-11,南港,33245,3,2024,7
2024-07-12,南港,36340,4,2024,7
2024-07-13,南港,27974,5,2024,7
2024-07-14,南港,25406,6,2024,7
2024-07-15,南港,32026,0,2024,7
2024-07-16,南港,32527,1,2024,7
2024-07-17,南港,32932,2,2024,7
2024-07-18,南港,32959,3,2024,7
2024-07-19,南港,36814,4,2024,7
2024-07-20,南港,29135,5,2024,7
2024-07-21,南港,26228,6,2024,7
2024-07-22,南港,31798,0,2024,7
2024-07-23,南港,31499,1,2024,7
2024-07-24,南港,3045,2,2024,7
2024-07-25,南港,4300,3,2024,7
2024-07-26,南港,36066,4,2024,7
2024-07-27,南港,28117,5,2024,7
2024-07-28,南港,26352,6,2024,7
2024-07-29,南港,32774,0,2024,7
2024-07-30,南港,32155,1,2024,7
2024-07-31,南港,33659,2,2024,7
2024-08-01,南港,32421,3,2024,8
2024-08-02,南港,35548,4,2024,8
2024-08-03,南港,28058,5,2024,8
2024-08-04,南港,24740,6,2024,8
2024-08-05,南港,32120,0,2024,8
2024-08-06,南港,32137,1,2024,8
2024-08-07,南港,32639,2,2024,8
2024-08-08,南港,32885,3,2024,8
2024-08-09,南港,37205,4,2024,8
2024-08-10,南港,28723,5,2024,8
2024-08-11,南港,27114,6,2024,8
2024-08-12,南港,32255,0,2024,8
2024-08-13,南港,32327,1,2024,8
2024-08-14,南港,33111,2,2024,8
2024-08-15,南港,32726,3,2024,8
2024-08-16,南港,36742,4,2024,8
2024-08-17,南港,26486,5,2024,8
2024-08-18,南港,23355,6,2024,8
2024-08-19,南港,32136,0,2024,8
2024-08-20,南港,32924,1,2024,8
2024-08-21,南港,34553,2,2024,8
2024-08-22,南港,34810,3,2024,8
2024-08-23,南港,39170,4,2024,8
2024-08-24,南港,28507,5,2024,8
2024-08-25,南港,24879,6,2024,8
2024-08-26,南港,33018,0,2024,8
2024-08-27,南港,33491,1,2024,8
2024-08-28,南港,32593,2,2024,8
2024-08-29,南港,31875,3,2024,8
2024-08-30,南港,36614,4,2024,8
2024-08-31,南港,25180,5,2024,8
2024-09-01,南港,24472,6,2024,9
2024-09-02,南港,34669,0,2024,9
2024-09-03,南港,33635,1,2024,9
2024-09-04,南港,35206,2,2024,9
2024-09-05,南港,35601,3,2024,9
2024-09-06,南港,39497,4,2024,9
2024-09-07,南港,26617,5,2024,9
2024-09-08,南港,24458,6,2024,9
2024-09-09,南港,34085,0,2024,9
2024-09-10,南港,33112,1,2024,9
2024-09-11,南港,34586,2,2024,9
2024-09-12,南港,34465,3,2024,9
2024-09-13,南港,40137,4,2024,9
2024-09-14,南港,28037,5,2024,9
2024-09-15,南港,24046,6,2024,9
2024-09-16,南港,32856,0,2024,9
2024-09-17,南港,22196,1,2024,9
2024-09-18,南港,33640,2,2024,9
2024-09-19,南港,33882,3,2024,9
2024-09-20,南港,38146,4,2024,9
2024-09-21,南港,25673,5,2024,9
2024-09-22,南港,22205,6,2024,9
2024-09-23,南港,33411,0,2024,9
2024-09-24,南港,33384,1,2024,9
2024-09-25,南港,33505,2,2024,9
2024-09-26,南港,34192,3,2024,9
2024-09-27,南港,39020,4,2024,9
2024-09-28,南港,26499,5,2024,9
2024-09-29,南港,23347,6,2024,9
2024-09-30,南港,32960,0,2024,9
2024-10-01,南港,34024,1,2024,10
2024-10-02,南港,8789,2,2024,10
2024-10-03,南港,6139,3,2024,10
2024-10-04,南港,37716,4,2024,10
2024-10-05,南港,27487,5,2024,10
2024-10-06,南港,25887,6,2024,10
2024-10-07,南港,34649,0,2024,10
2024-10-08,南港,33552,1,2024,10
2024-10-09,南港,37743,2,2024,10
2024-10-10,南港,23338,3,2024,10
2024-10-11,南港,35963,4,2024,10
2024-10-12,南港,28474,5,2024,10
2024-10-13,南港,26236,6,2024,10
2024-10-14,南港,34057,0,2024,10
2024-10-15,南港,34365,1,2024,10
2024-10-16,南港,34376,2,2024,10
2024-10-17,南港,34773,3,2024,10
2024-10-18,南港,39588,4,2024,10
2024-10-19,南港,29878,5,2024,10
2024-10-20,南港,23602,6,2024,10
2024-10-21,南港,34135,0,2024,10
2024-10-22,南港,34954,1,2024,10
2024-10-23,南港,34731,2,2024,10
2024-10-24,南港,35321,3,2024,10
2024-10-25,南港,38383,4,2024,10
2024-10-26,南港,27964,5,2024,10
2024-10-27,南港,23948,6,2024,10
2024-10-28,南港,34103,0,2024,10
2024-10-29,南港,34689,1,2024,10
2024-10-30,南港,33936,2,2024,10
2024-10-31,南港,1971,3,2024,10
2024-11-01,南港,38232,4,2024,11
2024-11-02,南港,29793,5,2024,11
2024-11-03,南港,26623,6,2024,11
2024-11-04,南港,36275,0,2024,11
2024-11-05,南港,34342,1,2024,11
2024-11-06,南港,34917,2,2024,11
2024-11-07,南港,35826,3,2024,11
2024-11-08,南港,39919,4,2024,11
2024-11-09,南港,29228,5,2024,11
2024-11-10,南港,26660,6,2024,11
2024-11-11,南港,34982,0,2024,11
2024-11-12,南港,34383,1,2024,11
2024-11-13,南港,35073,2,2024,11
2024-11-14,南港,36248,3,2024,11
2024-11-15,南港,43043,4,2024,11
2024-11-16,南港,31215,5,2024,11
2024-11-17,南港,27668,6,2024,11
2024-11-18,南港,37553,0,2024,11
2024-11-19,南港,34497,1,2024,11
2024-11-20,南港,35138,2,2024,11
2024-11-21,南港,35007,3,2024,11
2024-11-22,南港,39686,4,2024,11
2024-11-23,南港,28603,5,2024,11
2024-11-24,南港,25530,6,2024,11
2024-11-25,南港,35783,0,2024,11
2024-11-26,南港,35011,1,2024,11
2024-11-27,南港,35773,2,2024,11
2024-11-28,南港,37524,3,2024,11
2024-11-29,南港,39795,4,2024,11
2024-11-30,南港,30980,5,2024,11
2024-12-01,南港,28903,6,2024,12
2024-12-02,南港,37696,0,2024,12
2024-12-03,南港,35691,1,2024,12
2024-12-04,南港,35949,2,2024,12
2024-12-05,南港,37321,3,2024,12
2024-12-06,南港,41481,4,2024,12
2024-12-07,南港,31112,5,2024,12
2024-12-08,南港,26853,6,2024,12
2024-12-09,南港,35231,0,2024,12
2024-12-10,南港,35313,1,2024,12
2024-12-11,南港,35822,2,2024,12
2024-12-12,南港,36339,3,2024,12
2024-12-13,南港,40661,4,2024,12
2024-12-14,南港,31722,5,2024,12
2024-12-15,南港,28108,6,2024,12
2024-12-16,南港,35186,0,2024,12
2024-12-17,南港,35163,1,2024,12
2024-12-18,南港,35337,2,2024,12
2024-12-19,南港,35462,3,2024,12
2024-12-20,南港,41609,4,2024,12
2024-12-21,南港,28869,5,2024,12
2024-12-22,南港,27489,6,2024,12
2024-12-23,南港,35799,0,2024,12
2024-12-24,南港,36014,1,2024,12
2024-12-25,南港,36495,2,2024,12
2024-12-26,南港,36053,3,2024,12
2024-12-27,南港,41013,4,2024,12
2024-12-28,南港,30238,5,2024,12
2024-12-29,南港,27062,6,2024,12
2024-12-30,南港,36306,0,2024,12
2024-12-31,南港,39382,1,2024,12
2025-01-01,南港,26005,2,2025,1
2025-01-02,南港,37569,3,2025,1
2025-01-03,南港,39038,4,2025,1
2025-01-04,南港,27285,5,2025,1
2025-01-05,南港,24649,6,2025,1
2025-01-06,南港,34781,0,2025,1
2025-01-07,南港,34852,1,2025,1
2025-01-08,南港,35062,2,2025,1
2025-01-09,南港,34900,3,2025,1
2025-01-10,南港,38079,4,2025,1
2025-01-11,南港,26559,5,2025,1
2025-01-12,南港,24850,6,2025,1
2025-01-13,南港,34991,0,2025,1
2025-01-14,南港,35428,1,2025,1
2025-01-15,南港,34550,2,2025,1
2025-01-16,南港,35578,3,2025,1
2025-01-17,南港,39925,4,2025,1
2025-01-18,南港,28884,5,2025,1
2025-01-19,南港,24051,6,2025,1
2025-01-20,南港,36947,0,2025,1
2025-01-21,南港,34521,1,2025,1
2025-01-22,南港,34840,2,2025,1
2025-01-23,南港,36204,3,2025,1
2025-01-24,南港,38268,4,2025,1
2025-01-25,南港,27531,5,2025,1
2025-01-26,南港,22960,6,2025,1
2025-01-27,南港,18224,0,2025,1
2025-01-28,南港,13716,1,2025,1
2025-01-29,南港,22724,2,2025,1
2025-01-30,南港,25937,3,2025,1
2025-01-31,南港,27381,4,2025,1
2025-02-01,南港,27059,5,2025,2
2025-02-02,南港,23611,6,2025,2
2025-02-03,南港,34132,0,2025,2
2025-02-04,南港,34440,1,2025,2
2025-02-05,南港,34565,2,2025,2
2025-02-06,南港,37551,3,2025,2
2025-02-07,南港,38125,4,2025,2
2025-02-08,南港,34979,5,2025,2
2025-02-09,南港,25980,6,2025,2
2025-02-10,南港,35861,0,2025,2
2025-02-11,南港,36302,1,2025,2
2025-02-12,南港,35566,2,2025,2
2025-02-13,南港,34726,3,2025,2
2025-02-14,南港,39566,4,2025,2
2025-02-15,南港,30789,5,2025,2
2025-02-16,南港,24695,6,2025,2
2025-02-17,南港,35017,0,2025,2
2025-02-18,南港,34536,1,2025,2
2025-02-19,南港,35022,2,2025,2
2025-02-20,南港,35542,3,2025,2
2025-02-21,南港,39757,4,2025,2
2025-02-22,南港,28148,5,2025,2
2025-02-23,南港,24093,6,2025,2
2025-02-24,南港,34228,0,2025,2
2025-02-25,南港,35650,1,2025,2
2025-02-26,南港,35510,2,2025,2
2025-02-27,南港,40835,3,2025,2
2025-02-28,南港,31874,4,2025,2
2025-03-01,南港,30160,5,2025,3
2025-03-02,南港,27652,6,2025,3
2025-03-03,南港,36923,0,2025,3
2025-03-04,南港,35354,1,2025,3
2025-03-05,南港,35247,2,2025,3
2025-03-06,南港,35790,3,2025,3
2025-03-07,南港,40160,4,2025,3
2025-03-08,南港,28484,5,2025,3
2025-03-09,南港,24951,6,2025,3
2025-03-10,南港,35659,0,2025,3
2025-03-11,南港,35663,1,2025,3
2025-03-12,南港,36105,2,2025,3
2025-03-13,南港,34863,3,2025,3
2025-03-14,南港,41142,4,2025,3
2025-03-15,南港,28040,5,2025,3
2025-03-16,南港,27356,6,2025,3
2025-03-17,南港,36269,0,2025,3
2025-03-18,南港,35572,1,2025,3
2025-03-19,南港,35979,2,2025,3
2025-03-20,南港,38275,3,2025,3
2025-03-21,南港,41974,4,2025,3
2025-03-22,南港,31610,5,2025,3
2025-03-23,南港,29095,6,2025,3
2025-03-24,南港,37057,0,2025,3
2025-03-25,南港,36439,1,2025,3
2025-03-26,南港,37270,2,2025,3
2025-03-27,南港,37585,3,2025,3
2025-03-28,南港,41450,4,2025,3
2025-03-29,南港,32391,5,2025,3
2025-03-30,南港,26228,6,2025,3
2025-03-31,南港,35652,0,2025,3
2025-04-01,南港,39058,1,2025,4
2025-04-02,南港,41991,2,2025,4
2025-04-03,南港,34517,3,2025,4
2025-04-04,南港,31431,4,2025,4
2025-04-05,南港,31998,5,2025,4
2025-04-06,南港,27706,6,2025,4
2025-04-07,南港,36739,0,2025,4
2025-04-08,南港,35617,1,2025,4
2025-04-09,南港,35573,2,2025,4
2025-04-10,南港,33553,3,2025,4
2025-04-11,南港,41929,4,2025,4
2025-04-12,南港,30002,5,2025,4
2025-04-13,南港,26867,6,2025,4
2025-04-14,南港,35695,0,2025,4
2025-04-15,南港,36452,1,2025,4
2025-04-16,南港,37267,2,2025,4
2025-04-17,南港,37269,3,2025,4
2025-04-18,南港,41281,4,2025,4
2025-04-19,南港,32195,5,2025,4
2025-04-20,南港,27878,6,2025,4
2025-04-21,南港,36080,0,2025,4
2025-04-22,南港,36745,1,2025,4
2025-04-23,南港,35379,2,2025,4
2025-04-24,南港,36258,3,2025,4
2025-04-25,南港,40735,4,2025,4
2025-04-26,南港,30106,5,2025,4
2025-04-27,南港,28181,6,2025,4
2025-04-28,南港,35398,0,2025,4
2025-04-29,南港,35371,1,2025,4
2025-04-30,南港,37392,2,2025,4
2025-05-01,南港,31979,3,2025,5
2025-05-02,南港,40961,4,2025,5
2025-05-03,南港,30168,5,2025,5
2025-05-04,南港,27673,6,2025,5
2025-05-05,南港,36683,0,2025,5
2025-05-06,南港,34812,1,2025,5
2025-05-07,南港,34744,2,2025,5
2025-05-08,南港,36715,3,2025,5
2025-05-09,南港,42239,4,2025,5
2025-05-10,南港,29364,5,2025,5
2025-05-11,南港,25673,6,2025,5
2025-05-12,南港,37426,0,2025,5
2025-05-13,南港,35737,1,2025,5
2025-05-14,南港,35583,2,2025,5
2025-05-15,南港,35733,3,2025,5
2025-05-16,南港,40145,4,2025,5
2025-05-17,南港,30380,5,2025,5
2025-05-18,南港,26380,6,2025,5
2025-05-19,南港,35891,0,2025,5
2025-05-20,南港,36982,1,2025,5
2025-05-21,南港,37042,2,2025,5
2025-05-22,南港,37892,3,2025,5
2025-05-23,南港,42644,4,2025,5
2025-05-24,南港,29465,5,2025,5
2025-05-25,南港,26022,6,2025,5
2025-05-26,南港,34633,0,2025,5
2025-05-27,南港,35244,1,2025,5
2025-05-28,南港,35919,2,2025,5
2025-05-29,南港,38456,3,2025,5
2025-05-30,南港,30503,4,2025,5
2025-05-31,南港,26439,5,2025,5
2025-06-01,南港,29351,6,2025,6
2025-06-02,南港,38063,0,2025,6
2025-06-03,南港,34704,1,2025,6
2025-06-04,南港,33610,2,2025,6
2025-06-05,南港,34672,3,2025,6
2025-06-06,南港,39278,4,2025,6
2025-06-07,南港,28887,5,2025,6
2025-06-08,南港,27241,6,2025,6
2025-06-09,南港,34498,0,2025,6
2025-06-10,南港,34919,1,2025,6
2025-06-11,南港,36079,2,2025,6
2025-06-12,南港,35520,3,2025,6
2025-06-13,南港,39117,4,2025,6
2025-06-14,南港,29974,5,2025,6
2025-06-15,南港,28815,6,2025,6
2025-06-16,南港,34785,0,2025,6
2025-06-17,南港,34502,1,2025,6
2025-06-18,南港,35554,2,2025,6
2025-06-19,南港,36206,3,2025,6
2025-06-20,南港,39585,4,2025,6
2025-06-21,南港,29530,5,2025,6
2025-06-22,南港,25907,6,2025,6
2025-06-23,南港,34606,0,2025,6
2025-06-24,南港,35426,1,2025,6
2025-06-25,南港,35971,2,2025,6
2025-06-26,南港,36011,3,2025,6
2025-06-27,南港,40716,4,2025,6
2025-06-28,南港,32501,5,2025,6
2025-06-29,南港,27509,6,2025,6
2025-06-30,南港,37114,0,2025,6
2025-07-01,南港,36383,1,2025,7
2025-07-02,南港,34685,2,2025,7
2025-07-03,南港,35242,3,2025,7
2025-07-04,南港,40627,4,2025,7
2025-07-05,南港,31825,5,2025,7
2025-07-06,南港,26708,6,2025,7
2025-07-07,南港,30537,0,2025,7
2025-07-08,南港,34199,1,2025,7
2025-07-09,南港,33043,2,2025,7
2025-07-10,南港,35710,3,2025,7
2025-07-11,南港,38576,4,2025,7
2025-07-12,南港,29711,5,2025,7
2025-07-13,南港,26458,6,2025,7
2025-07-14,南港,34266,0,2025,7
2025-07-15,南港,34685,1,2025,7
2025-07-16,南港,34842,2,2025,7
2025-07-17,南港,34360,3,2025,7
2025-07-18,南港,39056,4,2025,7
2025-07-19,南港,27367,5,2025,7
2025-07-20,南港,25873,6,2025,7
2025-07-21,南港,33866,0,2025,7
2025-07-22,南港,34769,1,2025,7
2025-07-23,南港,34671,2,2025,7
2025-07-24,南港,35524,3,2025,7
2025-07-25,南港,38526,4,2025,7
2025-07-26,南港,30842,5,2025,7
2025-07-27,南港,27863,6,2025,7
2025-07-28,南港,34297,0,2025,7
2025-07-29,南港,33809,1,2025,7
2025-07-30,南港,35316,2,2025,7
2025-07-31,南港,34636,3,2025,7
2025-08-01,南港,40739,4,2025,8
2025-08-02,南港,29712,5,2025,8
2025-08-03,南港,27025,6,2025,8
2025-08-04,南港,34316,0,2025,8
2025-08-05,南港,34114,1,2025,8
2025-08-06,南港,35114,2,2025,8
2025-08-07,南港,38237,3,2025,8
2025-08-08,南港,42083,4,2025,8
2025-08-09,南港,35875,5,2025,8
2025-08-10,南港,33059,6,2025,8
2025-08-11,南港,37280,0,2025,8
2025-08-12,南港,35515,1,2025,8
2025-08-13,南港,31719,2,2025,8
2025-08-14,南港,35101,3,2025,8
2025-08-15,南港,39858,4,2025,8
2025-08-16,南港,33241,5,2025,8
2025-08-17,南港,28310,6,2025,8
2025-08-18,南港,35077,0,2025,8
2025-08-19,南港,35020,1,2025,8
2025-08-20,南港,36342,2,2025,8
2025-08-21,南港,36944,3,2025,8
2025-08-22,南港,40706,4,2025,8
2025-08-23,南港,30768,5,2025,8
2025-08-24,南港,26959,6,2025,8
2025-08-25,南港,34504,0,2025,8
2025-08-26,南港,34583,1,2025,8
2025-08-27,南港,35791,2,2025,8
2025-08-28,南港,35121,3,2025,8
2025-08-29,南港,38949,4,2025,8
2025-08-30,南港,29016,5,2025,8
2025-08-31,南港,26119,6,2025,8
2025-09-01,南港,36430,0,2025,9
2025-09-02,南港,35470,1,2025,9
2025-09-03,南港,36101,2,2025,9
2025-09-04,南港,35634,3,2025,9
2025-09-05,南港,39816,4,2025,9
2025-09-06,南港,27792,5,2025,9
2025-09-07,南港,26238,6,2025,9
2025-09-08,南港,34863,0,2025,9
2025-09-09,南港,35219,1,2025,9
2025-09-10,南港,36840,2,2025,9
2025-09-11,南港,37320,3,2025,9
2025-09-12,南港,41772,4,2025,9
2025-09-13,南港,29654,5,2025,9
2025-09-14,南港,25772,6,2025,9
2025-09-15,南港,34622,0,2025,9
2025-09-16,南港,34841,1,2025,9
2025-09-17,南港,35095,2,2025,9
2025-09-18,南港,36389,3,2025,9
2025-09-19,南港,40898,4,2025,9
2025-09-20,南港,31511,5,2025,9
2025-09-21,南港,26527,6,2025,9
2025-09-22,南港,34093,0,2025,9
2025-09-23,南港,32279,1,2025,9
2025-09-24,南港,35697,2,2025,9
2025-09-25,南港,36514,3,2025,9
2025-09-26,南港,41827,4,2025,9
2025-09-27,南港,31460,5,2025,9
2025-09-28,南港,28977,6,2025,9
2025-09-29,南港,26055,0,2025,9
2025-09-30,南港,36023,1,2025,9
2025-10-01,南港,37342,2,2025,10
2025-10-02,南港,37178,3,2025,10
2025-10-03,南港,43121,4,2025,10
2025-10-04,南港,29982,5,2025,10
2025-10-05,南港,25902,6,2025,10
2025-10-06,南港,24825,0,2025,10
2025-10-07,南港,35343,1,2025,10
2025-10-08,南港,34661,2,2025,10
2025-10-09,南港,39363,3,2025,10
2025-10-10,南港,30598,4,2025,10
2025-10-11,南港,29055,5,2025,10
2025-10-12,南港,27318,6,2025,10
2025-10-13,南港,35796,0,2025,10
2025-10-14,南港,35282,1,2025,10
2025-10-15,南港,36061,2,2025,10
2025-10-16,南港,36459,3,2025,10
2025-10-17,南港,40597,4,2025,10
2025-10-18,南港,31447,5,2025,10
2025-10-19,南港,25816,6,2025,10
2025-10-20,南港,32798,0,2025,10
2025-10-21,南港,34415,1,2025,10
2025-10-22,南港,35347,2,2025,10
2025-10-23,南港,40796,3,2025,10
2025-10-24,南港,26143,4,2025,10
2025-10-25,南港,25741,5,2025,10
2025-10-26,南港,26468,6,2025,10
2025-10-27,南港,35368,0,2025,10
2025-10-28,南港,34998,1,2025,10
2025-10-29,南港,35573,2,2025,10
2025-10-30,南港,37335,3,2025,10
2025-10-31,南港,40788,4,2025,10
2025-11-01,南港,30822,5,2025,11
2025-11-02,南港,25860,6,2025,11
2025-11-03,南港,36198,0,2025,11
2025-11-04,南港,35321,1,2025,11
2025-11-05,南港,35821,2,2025,11
2025-11-06,南港,36774,3,2025,11
2025-11-07,南港,42770,4,2025,11
2025-11-08,南港,34271,5,2025,11
2025-11-09,南港,29515,6,2025,11
2025-11-10,南港,35956,0,2025,11
2025-11-11,南港,30603,1,2025,11
2025-11-12,南港,33090,2,2025,11
2025-11-13,南港,35570,3,2025,11
2025-11-14,南港,43859,4,2025,11
2025-11-15,南港,35117,5,2025,11
2025-11-16,南港,31146,6,2025,11
2025-11-17,南港,38597,0,2025,11
2025-11-18,南港,35937,1,2025,11
2025-11-19,南港,35896,2,2025,11
2025-11-20,南港,36793,3,2025,11
2025-11-21,南港,41834,4,2025,11
2025-11-22,南港,30631,5,2025,11
2025-11-23,南港,27375,6,2025,11
2025-11-24,南港,36541,0,2025,11
2025-11-25,南港,36230,1,2025,11
2025-11-26,南港,36353,2,2025,11
2025-11-27,南港,37314,3,2025,11
2025-11-28,南港,41922,4,2025,11
2025-11-29,南港,31932,5,2025,11
2025-11-30,南港,28991,6,2025,11
2025-12-01,南港,37890,0,2025,12
2025-12-02,南港,36533,1,2025,12
2025-12-03,南港,36780,2,2025,12
2025-12-04,南港,38041,3,2025,12
2025-12-05,南港,43274,4,2025,12
2025-12-06,南港,33423,5,2025,12
2025-12-07,南港,30713,6,2025,12
2025-12-08,南港,36585,0,2025,12
2025-12-09,南港,35981,1,2025,12
2025-12-10,南港,37254,2,2025,12
2025-12-11,南港,38145,3,2025,12
2025-12-12,南港,42501,4,2025,12
2025-12-13,南港,29645,5,2025,12
2025-12-14,南港,28168,6,2025,12
2025-12-15,南港,36521,0,2025,12
2025-12-16,南港,36746,1,2025,12
2025-12-17,南港,36707,2,2025,12
2025-12-18,南港,37463,3,2025,12
2025-12-19,南港,42577,4,2025,12
2025-12-20,南港,29672,5,2025,12
2025-12-21,南港,25562,6,2025,12
2025-12-22,南港,36226,0,2025,12
2025-12-23,南港,37262,1,2025,12
2025-12-24,南港,40005,2,2025,12
2025-12-25,南港,25761,3,2025,12
2025-12-26,南港,38850,4,2025,12
2025-12-27,南港,27954,5,2025,12
2025-12-28,南港,25621,6,2025,12
2025-12-29,南港,36716,0,2025,12
2025-12-30,南港,36823,1,2025,12
2025-12-31,南港,42198,2,2025,12
2026-01-01,南港,25186,3,2026,1
2026-01-02,南港,37706,4,2026,1
2026-01-03,南港,25855,5,2026,1
2026-01-04,南港,25188,6,2026,1
2026-01-05,南港,36215,0,2026,1
2026-01-06,南港,35799,1,2026,1
2026-01-07,南港,35875,2,2026,1
2026-01-08,南港,35723,3,2026,1
2026-01-09,南港,40409,4,2026,1
2026-01-10,南港,28419,5,2026,1
2026-01-11,南港,25242,6,2026,1
2026-01-12,南港,35585,0,2026,1
2026-01-13,南港,36142,1,2026,1
2026-01-14,南港,36305,2,2026,1
2026-01-15,南港,37371,3,2026,1
2026-01-16,南港,40883,4,2026,1
2026-01-17,南港,29321,5,2026,1
2026-01-18,南港,25285,6,2026,1
2026-01-19,南港,35791,0,2026,1
2026-01-20,南港,37422,1,2026,1
2026-01-21,南港,36461,2,2026,1
2026-01-22,南港,35926,3,2026,1
2026-01-23,南港,40188,4,2026,1
2026-01-24,南港,27868,5,2026,1
2026-01-25,南港,25068,6,2026,1
2026-01-26,南港,35497,0,2026,1
2026-01-27,南港,34404,1,2026,1
2026-01-28,南港,34652,2,2026,1
2026-01-29,南港,37797,3,2026,1
2026-01-30,南港,41078,4,2026,1
2026-01-31,南港,32616,5,2026,1
2026-02-01,南港,28761,6,2026,2
2026-02-02,南港,34593,0,2026,2
2026-02-03,南港,34660,1,2026,2
2026-02-04,南港,36531,2,2026,2
2026-02-05,南港,40628,3,2026,2
2026-02-06,南港,42073,4,2026,2
2026-02-07,南港,30748,5,2026,2
2026-02-08,南港,27257,6,2026,2
2026-02-09,南港,35918,0,2026,2
2026-02-10,南港,35515,1,2026,2
2026-02-11,南港,34736,2,2026,2
2026-02-12,南港,36605,3,2026,2
2026-02-13,南港,37397,4,2026,2
2026-02-14,南港,25916,5,2026,2
2026-02-15,南港,21158,6,2026,2
2026-02-16,南港,14900,0,2026,2
2026-02-17,南港,22204,1,2026,2
2026-02-18,南港,26181,2,2026,2
2026-02-19,南港,29816,3,2026,2
2026-02-20,南港,28839,4,2026,2
2026-02-21,南港,28297,5,2026,2
2026-02-22,南港,25484,6,2026,2
2026-02-23,南港,35072,0,2026,2
2026-02-24,南港,34878,1,2026,2
2026-02-25,南港,35768,2,2026,2
2026-02-26,南港,39519,3,2026,2
2026-02-27,南港,29261,4,2026,2
2026-02-28,南港,27047,5,2026,2
2026-03-01,南港,25426,6,2026,3
2026-03-02,南港,36251,0,2026,3
2026-03-03,南港,34635,1,2026,3
2026-03-04,南港,35404,2,2026,3
2026-03-05,南港,35789,3,2026,3
2026-03-06,南港,40328,4,2026,3
2026-03-07,南港,28681,5,2026,3
2026-03-08,南港,24400,6,2026,3
2026-03-09,南港,35153,0,2026,3
2026-03-10,南港,34728,1,2026,3
2026-03-11,南港,35916,2,2026,3
2026-03-12,南港,37249,3,2026,3
2026-03-13,南港,41948,4,2026,3
2026-03-14,南港,31269,5,2026,3
2026-03-15,南港,28604,6,2026,3
2026-03-16,南港,35750,0,2026,3
2026-03-17,南港,36605,1,2026,3
2026-03-18,南港,37197,2,2026,3
2026-03-19,南港,36762,3,2026,3
2026-03-20,南港,42600,4,2026,3
2026-03-21,南港,29964,5,2026,3
2026-03-22,南港,28684,6,2026,3
2026-03-23,南港,36222,0,2026,3
2026-03-24,南港,35410,1,2026,3
2026-03-25,南港,36623,2,2026,3
2026-03-26,南港,37066,3,2026,3
2026-03-27,南港,30504,4,2026,3
2026-03-28,南港,29243,5,2026,3
2026-03-29,南港,25518,6,2026,3
2026-03-30,南港,36123,0,2026,3
2026-03-31,南港,35539,1,2026,3
2026-04-01,南港,38944,2,2026,4
2026-04-02,南港,42362,3,2026,4
2026-04-03,南港,29587,4,2026,4
2026-04-04,南港,25888,5,2026,4
2026-04-05,南港,27499,6,2026,4
2026-04-06,南港,25251,0,2026,4
2026-04-07,南港,36250,1,2026,4
2026-04-08,南港,36384,2,2026,4
2026-04-09,南港,36516,3,2026,4
2026-04-10,南港,40588,4,2026,4
2026-04-11,南港,29367,5,2026,4
2026-04-12,南港,25603,6,2026,4
2026-04-13,南港,35039,0,2026,4
2026-04-14,南港,35577,1,2026,4
2026-04-15,南港,35794,2,2026,4
2026-04-16,南港,35670,3,2026,4
2026-04-17,南港,39695,4,2026,4
2026-04-18,南港,28291,5,2026,4
2026-04-19,南港,26683,6,2026,4
2026-04-20,南港,35182,0,2026,4
2026-04-21,南港,35539,1,2026,4
2026-04-22,南港,35854,2,2026,4
2026-04-23,南港,35697,3,2026,4
2026-04-24,南港,40005,4,2026,4
2026-04-25,南港,26629,5,2026,4
2026-04-26,南港,27418,6,2026,4
2026-04-27,南港,35285,0,2026,4
2026-04-28,南港,35988,1,2026,4
2026-04-29,南港,36123,2,2026,4
2026-04-30,南港,40939,3,2026,4
2026-05-01,南港,32050,4,2026,5
2026-05-02,南港,29988,5,2026,5
2026-05-03,南港,27862,6,2026,5
2026-05-04,南港,36752,0,2026,5
2026-05-05,南港,35736,1,2026,5
2026-05-06,南港,36397,2,2026,5
2026-05-07,南港,37472,3,2026,5
2026-05-08,南港,40136,4,2026,5
2026-05-09,南港,27989,5,2026,5
2026-05-10,南港,26417,6,2026,5
2026-05-11,南港,35668,0,2026,5
2026-05-12,南港,35544,1,2026,5
2026-05-13,南港,35553,2,2026,5
2026-05-14,南港,35015,3,2026,5
2026-05-15,南港,40433,4,2026,5
2026-05-16,南港,30752,5,2026,5
2026-05-17,南港,27928,6,2026,5
2026-05-18,南港,35600,0,2026,5
2026-05-19,南港,35562,1,2026,5
2026-05-20,南港,36706,2,2026,5
2026-05-21,南港,36011,3,2026,5
2026-05-22,南港,42130,4,2026,5
2026-05-23,南港,32911,5,2026,5
2026-05-24,南港,30006,6,2026,5
2026-05-25,南港,36681,0,2026,5
2026-05-26,南港,35582,1,2026,5
2026-05-27,南港,35714,2,2026,5
2026-05-28,南港,35248,3,2026,5
2026-05-29,南港,39316,4,2026,5
2026-05-30,南港,29089,5,2026,5
2026-05-31,南港,25937,6,2026,5
2026-06-01,南港,37620,0,2026,6
2026-06-02,南港,38058,1,2026,6
2026-06-03,南港,38307,2,2026,6
2026-06-04,南港,39335,3,2026,6
2026-06-05,南港,42555,4,2026,6
2026-06-06,南港,27884,5,2026,6
2026-06-07,南港,25353,6,2026,6
2026-06-08,南港,34451,0,2026,6
2026-06-09,南港,34189,1,2026,6
2026-06-10,南港,33916,2,2026,6
2026-06-11,南港,35292,3,2026,6
2026-06-12,南港,39531,4,2026,6
2026-06-13,南港,27235,5,2026,6
2026-06-14,南港,24773,6,2026,6
2026-06-15,南港,35161,0,2026,6
2026-06-16,南港,35656,1,2026,6
2026-06-17,南港,36641,2,2026,6
2026-06-18,南港,41413,3,2026,6
2026-06-19,南港,25296,4,2026,6
2026-06-20,南港,28153,5,2026,6
2026-06-21,南港,27597,6,2026,6
2026-06-22,南港,35677,0,2026,6
2026-06-23,南港,35096,1,2026,6
2026-06-24,南港,36523,2,2026,6
2026-06-25,南港,35867,3,2026,6
2026-06-26,南港,38215,4,2026,6
2026-06-27,南港,26172,5,2026,6
2026-06-28,南港,24276,6,2026,6
2026-06-29,南港,35742,0,2026,6
2026-06-30,南港,38075,1,2026,6
2026-07-01,南港,37456,2,2026,7
2026-07-02,南港,36101,3,2026,7
2026-07-03,南港,41109,4,2026,7
2026-07-04,南港,33425,5,2026,7
2026-07-05,南港,30151,6,2026,7
2026-07-06,南港,36396,0,2026,7
2026-07-07,南港,34926,1,2026,7
2026-07-08,南港,36150,2,2026,7
2026-07-09,南港,38110,3,2026,7
2026-07-10,南港,11797,4,2026,7
2026-07-11,南港,1077,5,2026,7
2026-07-12,南港,26319,6,2026,7
2026-07-13,南港,35810,0,2026,7
2026-07-14,南港,36535,1,2026,7
2026-07-15,南港,36111,2,2026,7
2026-07-16,南港,36372,3,2026,7
2026-07-17,南港,41124,4,2026,7
2026-07-18,南港,31313,5,2026,7
2026-07-19,南港,28945,6,2026,7
2026-07-20,南港,35928,0,2026,7
2026-07-21,南港,36235,1,2026,7
2026-07-22,南港,36804,2,2026,7
2026-07-23,南港,35940,3,2026,7
2026-07-24,南港,38596,4,2026,7
2026-07-25,南港,30811,5,2026,7
2026-07-26,南港,28747,6,2026,7
2026-07-27,南港,35580,0,2026,7
2026-07-28,南港,35362,1,2026,7
2026-07-29,南港,36643,2,2026,7
2026-07-30,南港,36189,3,2026,7
2026-07-31,南港,41025,4,2026,7
2024-01-01,汐科,11704,0,2024,1
2024-01-02,汐科,27963,1,2024,1
2024-01-03,汐科,28208,2,2024,1
2024-01-04,汐科,28373,3,2024,1
2024-01-05,汐科,29288,4,2024,1
2024-01-06,汐科,13135,5,2024,1
2024-01-07,汐科,10333,6,2024,1
2024-01-08,汐科,28168,0,2024,1
2024-01-09,汐科,28616,1,2024,1
2024-01-10,汐科,28472,2,2024,1
2024-01-11,汐科,28759,3,2024,1
2024-01-12,汐科,30541,4,2024,1
2024-01-13,汐科,13007,5,2024,1
2024-01-14,汐科,11634,6,2024,1
2024-01-15,汐科,27742,0,2024,1
2024-01-16,汐科,28994,1,2024,1
2024-01-17,汐科,29114,2,2024,1
2024-01-18,汐科,28880,3,2024,1
2024-01-19,汐科,30497,4,2024,1
2024-01-20,汐科,14414,5,2024,1
2024-01-21,汐科,11001,6,2024,1
2024-01-22,汐科,28328,0,2024,1
2024-01-23,汐科,27788,1,2024,1
2024-01-24,汐科,28961,2,2024,1
2024-01-25,汐科,29230,3,2024,1
2024-01-26,汐科,29941,4,2024,1
2024-01-27,汐科,13506,5,2024,1
2024-01-28,汐科,11718,6,2024,1
2024-01-29,汐科,29112,0,2024,1
2024-01-30,汐科,29593,1,2024,1
2024-01-31,汐科,29900,2,2024,1
2024-02-01,汐科,29571,3,2024,2
2024-02-02,汐科,29780,4,2024,2
2024-02-03,汐科,13997,5,2024,2
2024-02-04,汐科,11729,6,2024,2
2024-02-05,汐科,28689,0,2024,2
2024-02-06,汐科,28879,1,2024,2
2024-02-07,汐科,27949,2,2024,2
2024-02-08,汐科,9151,3,2024,2
2024-02-09,汐科,6432,4,2024,2
2024-02-10,汐科,9755,5,2024,2
2024-02-11,汐科,10611,6,2024,2
2024-02-12,汐科,11671,0,2024,2
2024-02-13,汐科,12665,1,2024,2
2024-02-14,汐科,12649,2,2024,2
2024-02-15,汐科,27669,3,2024,2
2024-02-16,汐科,27593,4,2024,2
2024-02-17,汐科,20365,5,2024,2
2024-02-18,汐科,11601,6,2024,2
2024-02-19,汐科,29043,0,2024,2
2024-02-20,汐科,29199,1,2024,2
2024-02-21,汐科,29344,2,2024,2
2024-02-22,汐科,28909,3,2024,2
2024-02-23,汐科,30296,4,2024,2
2024-02-24,汐科,13808,5,2024,2
2024-02-25,汐科,11228,6,2024,2
2024-02-26,汐科,28488,0,2024,2
2024-02-27,汐科,29455,1,2024,2
2024-02-28,汐科,12837,2,2024,2
2024-02-29,汐科,29288,3,2024,2
2024-03-01,汐科,29296,4,2024,3
2024-03-02,汐科,10960,5,2024,3
2024-03-03,汐科,10735,6,2024,3
2024-03-04,汐科,28740,0,2024,3
2024-03-05,汐科,29886,1,2024,3
2024-03-06,汐科,29251,2,2024,3
2024-03-07,汐科,28895,3,2024,3
2024-03-08,汐科,30242,4,2024,3
2024-03-09,汐科,13248,5,2024,3
2024-03-10,汐科,11209,6,2024,3
2024-03-11,汐科,28605,0,2024,3
2024-03-12,汐科,29171,1,2024,3
2024-03-13,汐科,29298,2,2024,3
2024-03-14,汐科,29175,3,2024,3
2024-03-15,汐科,29814,4,2024,3
2024-03-16,汐科,13748,5,2024,3
2024-03-17,汐科,11412,6,2024,3
2024-03-18,汐科,28604,0,2024,3
2024-03-19,汐科,28827,1,2024,3
2024-03-20,汐科,29380,2,2024,3
2024-03-21,汐科,29190,3,2024,3
2024-03-22,汐科,29593,4,2024,3
2024-03-23,汐科,13353,5,2024,3
2024-03-24,汐科,10961,6,2024,3
2024-03-25,汐科,28964,0,2024,3
2024-03-26,汐科,28909,1,2024,3
2024-03-27,汐科,29534,2,2024,3
2024-03-28,汐科,29034,3,2024,3
2024-03-29,汐科,29496,4,2024,3
2024-03-30,汐科,13401,5,2024,3
2024-03-31,汐科,10490,6,2024,3
2024-04-01,汐科,28382,0,2024,4
2024-04-02,汐科,28724,1,2024,4
2024-04-03,汐科,24895,2,2024,4
2024-04-04,汐科,10571,3,2024,4
2024-04-05,汐科,11330,4,2024,4
2024-04-06,汐科,11759,5,2024,4
2024-04-07,汐科,10637,6,2024,4
2024-04-08,汐科,28586,0,2024,4
2024-04-09,汐科,28837,1,2024,4
2024-04-10,汐科,29341,2,2024,4
2024-04-11,汐科,29050,3,2024,4
2024-04-12,汐科,29659,4,2024,4
2024-04-13,汐科,13510,5,2024,4
2024-04-14,汐科,10887,6,2024,4
2024-04-15,汐科,28453,0,2024,4
2024-04-16,汐科,28992,1,2024,4
2024-04-17,汐科,28933,2,2024,4
2024-04-18,汐科,28489,3,2024,4
2024-04-19,汐科,29508,4,2024,4
2024-04-20,汐科,13710,5,2024,4
2024-04-21,汐科,11194,6,2024,4
2024-04-22,汐科,27995,0,2024,4
2024-04-23,汐科,28099,1,2024,4
2024-04-24,汐科,28112,2,2024,4
2024-04-25,汐科,28616,3,2024,4
2024-04-26,汐科,29181,4,2024,4
2024-04-27,汐科,12840,5,2024,4
2024-04-28,汐科,10934,6,2024,4
2024-04-29,汐科,28762,0,2024,4
2024-04-30,汐科,28815,1,2024,4
2024-05-01,汐科,12592,2,2024,5
2024-05-02,汐科,28555,3,2024,5
2024-05-03,汐科,29769,4,2024,5
2024-05-04,汐科,13777,5,2024,5
2024-05-05,汐科,11423,6,2024,5
2024-05-06,汐科,29089,0,2024,5
2024-05-07,汐科,29029,1,2024,5
2024-05-08,汐科,29108,2,2024,5
2024-05-09,汐科,29080,3,2024,5
2024-05-10,汐科,29801,4,2024,5
2024-05-11,汐科,13498,5,2024,5
2024-05-12,汐科,11192,6,2024,5
2024-05-13,汐科,28225,0,2024,5
2024-05-14,汐科,28848,1,2024,5
2024-05-15,汐科,29114,2,2024,5
2024-05-16,汐科,29038,3,2024,5
2024-05-17,汐科,29763,4,2024,5
2024-05-18,汐科,13930,5,2024,5
2024-05-19,汐科,11588,6,2024,5
2024-05-20,汐科,28634,0,2024,5
2024-05-21,汐科,28943,1,2024,5
2024-05-22,汐科,28732,2,2024,5
2024-05-23,汐科,28966,3,2024,5
2024-05-24,汐科,30131,4,2024,5
2024-05-25,汐科,13620,5,2024,5
2024-05-26,汐科,11646,6,2024,5
2024-05-27,汐科,28835,0,2024,5
2024-05-28,汐科,29151,1,2024,5
2024-05-29,汐科,29317,2,2024,5
2024-05-30,汐科,29304,3,2024,5
2024-05-31,汐科,29540,4,2024,5
2024-06-01,汐科,13161,5,2024,6
2024-06-02,汐科,10037,6,2024,6
2024-06-03,汐科,28650,0,2024,6
2024-06-04,汐科,28848,1,2024,6
2024-06-05,汐科,28541,2,2024,6
2024-06-06,汐科,28552,3,2024,6
2024-06-07,汐科,29591,4,2024,6
2024-06-08,汐科,13008,5,2024,6
2024-06-09,汐科,11049,6,2024,6
2024-06-10,汐科,10401,0,2024,6
2024-06-11,汐科,28629,1,2024,6
2024-06-12,汐科,28837,2,2024,6
2024-06-13,汐科,28844,3,2024,6
2024-06-14,汐科,29256,4,2024,6
2024-06-15,汐科,13434,5,2024,6
2024-06-16,汐科,10472,6,2024,6
2024-06-17,汐科,28297,0,2024,6
2024-06-18,汐科,28464,1,2024,6
2024-06-19,汐科,28651,2,2024,6
2024-06-20,汐科,28348,3,2024,6
2024-06-21,汐科,28703,4,2024,6
2024-06-22,汐科,13077,5,2024,6
2024-06-23,汐科,10611,6,2024,6
2024-06-24,汐科,27910,0,2024,6
2024-06-25,汐科,28744,1,2024,6
2024-06-26,汐科,29068,2,2024,6
2024-06-27,汐科,28636,3,2024,6
2024-06-28,汐科,29679,4,2024,6
2024-06-29,汐科,13308,5,2024,6
2024-06-30,汐科,10875,6,2024,6
2024-07-01,汐科,28296,0,2024,7
2024-07-02,汐科,27789,1,2024,7
2024-07-03,汐科,28778,2,2024,7
2024-07-04,汐科,28239,3,2024,7
2024-07-05,汐科,28718,4,2024,7
2024-07-06,汐科,13111,5,2024,7
2024-07-07,汐科,11193,6,2024,7
2024-07-08,汐科,28327,0,2024,7
2024-07-09,汐科,28618,1,2024,7
2024-07-10,汐科,28968,2,2024,7
2024-07-11,汐科,28868,3,2024,7
2024-07-12,汐科,28937,4,2024,7
2024-07-13,汐科,13142,5,2024,7
2024-07-14,汐科,12018,6,2024,7
2024-07-15,汐科,28453,0,2024,7
2024-07-16,汐科,28998,1,2024,7
2024-07-17,汐科,29436,2,2024,7
2024-07-18,汐科,28783,3,2024,7
2024-07-19,汐科,29217,4,2024,7
2024-07-20,汐科,13635,5,2024,7
2024-07-21,汐科,11926,6,2024,7
2024-07-22,汐科,28569,0,2024,7
2024-07-23,汐科,28699,1,2024,7
2024-07-24,汐科,1088,2,2024,7
2024-07-25,汐科,1992,3,2024,7
2024-07-26,汐科,29723,4,2024,7
2024-07-27,汐科,13908,5,2024,7
2024-07-28,汐科,11675,6,2024,7
2024-07-29,汐科,29185,0,2024,7
2024-07-30,汐科,29353,1,2024,7
2024-07-31,汐科,29760,2,2024,7
2024-08-01,汐科,28995,3,2024,8
2024-08-02,汐科,29213,4,2024,8
2024-08-03,汐科,13401,5,2024,8
2024-08-04,汐科,11295,6,2024,8
2024-08-05,汐科,28519,0,2024,8
2024-08-06,汐科,28896,1,2024,8
2024-08-07,汐科,28977,2,2024,8
2024-08-08,汐科,28733,3,2024,8
2024-08-09,汐科,29386,4,2024,8
2024-08-10,汐科,14126,5,2024,8
2024-08-11,汐科,11513,6,2024,8
2024-08-12,汐科,28571,0,2024,8
2024-08-13,汐科,28920,1,2024,8
2024-08-14,汐科,29111,2,2024,8
2024-08-15,汐科,28903,3,2024,8
2024-08-16,汐科,29233,4,2024,8
2024-08-17,汐科,13700,5,2024,8
2024-08-18,汐科,11221,6,2024,8
2024-08-19,汐科,27976,0,2024,8
2024-08-20,汐科,28803,1,2024,8
2024-08-21,汐科,28962,2,2024,8
2024-08-22,汐科,28699,3,2024,8
2024-08-23,汐科,28903,4,2024,8
2024-08-24,汐科,13904,5,2024,8
2024-08-25,汐科,12163,6,2024,8
2024-08-26,汐科,28459,0,2024,8
2024-08-27,汐科,29102,1,2024,8
2024-08-28,汐科,29230,2,2024,8
2024-08-29,汐科,28513,3,2024,8
2024-08-30,汐科,29084,4,2024,8
2024-08-31,汐科,13332,5,2024,8
2024-09-01,汐科,12517,6,2024,9
2024-09-02,汐科,31822,0,2024,9
2024-09-03,汐科,29245,1,2024,9
2024-09-04,汐科,29021,2,2024,9
2024-09-05,汐科,28849,3,2024,9
2024-09-06,汐科,29911,4,2024,9
2024-09-07,汐科,13567,5,2024,9
2024-09-08,汐科,11668,6,2024,9
2024-09-09,汐科,28494,0,2024,9
2024-09-10,汐科,28901,1,2024,9
2024-09-11,汐科,28970,2,2024,9
2024-09-12,汐科,28625,3,2024,9
2024-09-13,汐科,29672,4,2024,9
2024-09-14,汐科,13294,5,2024,9
2024-09-15,汐科,11187,6,2024,9
2024-09-16,汐科,23892,0,2024,9
2024-09-17,汐科,11175,1,2024,9
2024-09-18,汐科,28687,2,2024,9
2024-09-19,汐科,28642,3,2024,9
2024-09-20,汐科,29732,4,2024,9
2024-09-21,汐科,12352,5,2024,9
2024-09-22,汐科,9628,6,2024,9
2024-09-23,汐科,28463,0,2024,9
2024-09-24,汐科,29114,1,2024,9
2024-09-25,汐科,29221,2,2024,9
2024-09-26,汐科,28738,3,2024,9
2024-09-27,汐科,29263,4,2024,9
2024-09-28,汐科,13697,5,2024,9
2024-09-29,汐科,10687,6,2024,9
2024-09-30,汐科,28513,0,2024,9
2024-10-01,汐科,32623,1,2024,10
2024-10-02,汐科,4771,2,2024,10
2024-10-03,汐科,2915,3,2024,10
2024-10-04,汐科,30450,4,2024,10
2024-10-05,汐科,13998,5,2024,10
2024-10-06,汐科,11716,6,2024,10
2024-10-07,汐科,29601,0,2024,10
2024-10-08,汐科,29486,1,2024,10
2024-10-09,汐科,30672,2,2024,10
2024-10-10,汐科,11969,3,2024,10
2024-10-11,汐科,25514,4,2024,10
2024-10-12,汐科,13400,5,2024,10
2024-10-13,汐科,11659,6,2024,10
2024-10-14,汐科,29138,0,2024,10
2024-10-15,汐科,29604,1,2024,10
2024-10-16,汐科,29387,2,2024,10
2024-10-17,汐科,29551,3,2024,10
2024-10-18,汐科,30370,4,2024,10
2024-10-19,汐科,14306,5,2024,10
2024-10-20,汐科,11153,6,2024,10
2024-10-21,汐科,29183,0,2024,10
2024-10-22,汐科,30068,1,2024,10
2024-10-23,汐科,29628,2,2024,10
2024-10-24,汐科,29532,3,2024,10
2024-10-25,汐科,29925,4,2024,10
2024-10-26,汐科,14443,5,2024,10
2024-10-27,汐科,11956,6,2024,10
2024-10-28,汐科,29405,0,2024,10
2024-10-29,汐科,30096,1,2024,10
2024-10-30,汐科,29621,2,2024,10
2024-10-31,汐科,558,3,2024,10
2024-11-01,汐科,32730,4,2024,11
2024-11-02,汐科,14313,5,2024,11
2024-11-03,汐科,11569,6,2024,11
2024-11-04,汐科,30486,0,2024,11
2024-11-05,汐科,30048,1,2024,11
2024-11-06,汐科,30279,2,2024,11
2024-11-07,汐科,30132,3,2024,11
2024-11-08,汐科,30677,4,2024,11
2024-11-09,汐科,14218,5,2024,11
2024-11-10,汐科,11953,6,2024,11
2024-11-11,汐科,29683,0,2024,11
2024-11-12,汐科,29452,1,2024,11
2024-11-13,汐科,30102,2,2024,11
2024-11-14,汐科,29671,3,2024,11
2024-11-15,汐科,30377,4,2024,11
2024-11-16,汐科,13997,5,2024,11
2024-11-17,汐科,11345,6,2024,11
2024-11-18,汐科,29388,0,2024,11
2024-11-19,汐科,30188,1,2024,11
2024-11-20,汐科,30266,2,2024,11
2024-11-21,汐科,29951,3,2024,11
2024-11-22,汐科,30791,4,2024,11
2024-11-23,汐科,14274,5,2024,11
2024-11-24,汐科,12173,6,2024,11
2024-11-25,汐科,29726,0,2024,11
2024-11-26,汐科,30158,1,2024,11
2024-11-27,汐科,30456,2,2024,11
2024-11-28,汐科,30167,3,2024,11
2024-11-29,汐科,30800,4,2024,11
2024-11-30,汐科,15674,5,2024,11
2024-12-01,汐科,13856,6,2024,12
2024-12-02,汐科,33423,0,2024,12
2024-12-03,汐科,31145,1,2024,12
2024-12-04,汐科,30707,2,2024,12
2024-12-05,汐科,30506,3,2024,12
2024-12-06,汐科,31454,4,2024,12
2024-12-07,汐科,14700,5,2024,12
2024-12-08,汐科,12082,6,2024,12
2024-12-09,汐科,29825,0,2024,12
2024-12-10,汐科,30489,1,2024,12
2024-12-11,汐科,30891,2,2024,12
2024-12-12,汐科,30496,3,2024,12
2024-12-13,汐科,30646,4,2024,12
2024-12-14,汐科,15114,5,2024,12
2024-12-15,汐科,12659,6,2024,12
2024-12-16,汐科,29767,0,2024,12
2024-12-17,汐科,30351,1,2024,12
2024-12-18,汐科,30365,2,2024,12
2024-12-19,汐科,30102,3,2024,12
2024-12-20,汐科,29561,4,2024,12
2024-12-21,汐科,14418,5,2024,12
2024-12-22,汐科,12641,6,2024,12
2024-12-23,汐科,29817,0,2024,12
2024-12-24,汐科,30460,1,2024,12
2024-12-25,汐科,30580,2,2024,12
2024-12-26,汐科,30299,3,2024,12
2024-12-27,汐科,30990,4,2024,12
2024-12-28,汐科,14532,5,2024,12
2024-12-29,汐科,12466,6,2024,12
2024-12-30,汐科,29310,0,2024,12
2024-12-31,汐科,30327,1,2024,12
2025-01-01,汐科,12940,2,2025,1
2025-01-02,汐科,33350,3,2025,1
2025-01-03,汐科,31314,4,2025,1
2025-01-04,汐科,14218,5,2025,1
2025-01-05,汐科,11823,6,2025,1
2025-01-06,汐科,30606,0,2025,1
2025-01-07,汐科,30610,1,2025,1
2025-01-08,汐科,30390,2,2025,1
2025-01-09,汐科,30180,3,2025,1
2025-01-10,汐科,31066,4,2025,1
2025-01-11,汐科,13887,5,2025,1
2025-01-12,汐科,12473,6,2025,1
2025-01-13,汐科,30447,0,2025,1
2025-01-14,汐科,30753,1,2025,1
2025-01-15,汐科,30057,2,2025,1
2025-01-16,汐科,30597,3,2025,1
2025-01-17,汐科,31298,4,2025,1
2025-01-18,汐科,15666,5,2025,1
2025-01-19,汐科,12174,6,2025,1
2025-01-20,汐科,31238,0,2025,1
2025-01-21,汐科,31035,1,2025,1
2025-01-22,汐科,31118,2,2025,1
2025-01-23,汐科,30493,3,2025,1
2025-01-24,汐科,30091,4,2025,1
2025-01-25,汐科,12266,5,2025,1
2025-01-26,汐科,10496,6,2025,1
2025-01-27,汐科,9022,0,2025,1
2025-01-28,汐科,6855,1,2025,1
2025-01-29,汐科,11336,2,2025,1
2025-01-30,汐科,12319,3,2025,1
2025-01-31,汐科,13616,4,2025,1
2025-02-01,汐科,14825,5,2025,2
2025-02-02,汐科,12388,6,2025,2
2025-02-03,汐科,32157,0,2025,2
2025-02-04,汐科,31267,1,2025,2
2025-02-05,汐科,31026,2,2025,2
2025-02-06,汐科,30890,3,2025,2
2025-02-07,汐科,30498,4,2025,2
2025-02-08,汐科,20368,5,2025,2
2025-02-09,汐科,12455,6,2025,2
2025-02-10,汐科,31306,0,2025,2
2025-02-11,汐科,31704,1,2025,2
2025-02-12,汐科,30510,2,2025,2
2025-02-13,汐科,29950,3,2025,2
2025-02-14,汐科,31627,4,2025,2
2025-02-15,汐科,16561,5,2025,2
2025-02-16,汐科,12730,6,2025,2
2025-02-17,汐科,30246,0,2025,2
2025-02-18,汐科,30331,1,2025,2
2025-02-19,汐科,30518,2,2025,2
2025-02-20,汐科,30840,3,2025,2
2025-02-21,汐科,31077,4,2025,2
2025-02-22,汐科,15032,5,2025,2
2025-02-23,汐科,11432,6,2025,2
2025-02-24,汐科,29849,0,2025,2
2025-02-25,汐科,30545,1,2025,2
2025-02-26,汐科,30746,2,2025,2
2025-02-27,汐科,31058,3,2025,2
2025-02-28,汐科,15371,4,2025,2
2025-03-01,汐科,15466,5,2025,3
2025-03-02,汐科,12728,6,2025,3
2025-03-03,汐科,32820,0,2025,3
2025-03-04,汐科,30406,1,2025,3
2025-03-05,汐科,30552,2,2025,3
2025-03-06,汐科,30033,3,2025,3
2025-03-07,汐科,31493,4,2025,3
2025-03-08,汐科,14246,5,2025,3
2025-03-09,汐科,12609,6,2025,3
2025-03-10,汐科,30288,0,2025,3
2025-03-11,汐科,30372,1,2025,3
2025-03-12,汐科,30568,2,2025,3
2025-03-13,汐科,29768,3,2025,3
2025-03-14,汐科,30772,4,2025,3
2025-03-15,汐科,12824,5,2025,3
2025-03-16,汐科,12075,6,2025,3
2025-03-17,汐科,29969,0,2025,3
2025-03-18,汐科,30296,1,2025,3
2025-03-19,汐科,30080,2,2025,3
2025-03-20,汐科,30305,3,2025,3
2025-03-21,汐科,30906,4,2025,3
2025-03-22,汐科,14864,5,2025,3
2025-03-23,汐科,12080,6,2025,3
2025-03-24,汐科,29924,0,2025,3
2025-03-25,汐科,30595,1,2025,3
2025-03-26,汐科,31051,2,2025,3
2025-03-27,汐科,29868,3,2025,3
2025-03-28,汐科,30866,4,2025,3
2025-03-29,汐科,13524,5,2025,3
2025-03-30,汐科,10349,6,2025,3
2025-03-31,汐科,29158,0,2025,3
2025-04-01,汐科,33654,1,2025,4
2025-04-02,汐科,30819,2,2025,4
2025-04-03,汐科,13597,3,2025,4
2025-04-04,汐科,12365,4,2025,4
2025-04-05,汐科,12308,5,2025,4
2025-04-06,汐科,11149,6,2025,4
2025-04-07,汐科,29749,0,2025,4
2025-04-08,汐科,30043,1,2025,4
2025-04-09,汐科,30279,2,2025,4
2025-04-10,汐科,28344,3,2025,4
2025-04-11,汐科,30550,4,2025,4
2025-04-12,汐科,14219,5,2025,4
2025-04-13,汐科,11785,6,2025,4
2025-04-14,汐科,29500,0,2025,4
2025-04-15,汐科,30046,1,2025,4
2025-04-16,汐科,30128,2,2025,4
2025-04-17,汐科,29779,3,2025,4
2025-04-18,汐科,30972,4,2025,4
2025-04-19,汐科,15059,5,2025,4
2025-04-20,汐科,12242,6,2025,4
2025-04-21,汐科,29536,0,2025,4
2025-04-22,汐科,29986,1,2025,4
2025-04-23,汐科,29618,2,2025,4
2025-04-24,汐科,29422,3,2025,4
2025-04-25,汐科,30451,4,2025,4
2025-04-26,汐科,14292,5,2025,4
2025-04-27,汐科,12565,6,2025,4
2025-04-28,汐科,29579,0,2025,4
2025-04-29,汐科,29823,1,2025,4
2025-04-30,汐科,30639,2,2025,4
2025-05-01,汐科,15077,3,2025,5
2025-05-02,汐科,30098,4,2025,5
2025-05-03,汐科,14691,5,2025,5
2025-05-04,汐科,12166,6,2025,5
2025-05-05,汐科,30818,0,2025,5
2025-05-06,汐科,30547,1,2025,5
2025-05-07,汐科,29417,2,2025,5
2025-05-08,汐科,30044,3,2025,5
2025-05-09,汐科,29850,4,2025,5
2025-05-10,汐科,13068,5,2025,5
2025-05-11,汐科,10371,6,2025,5
2025-05-12,汐科,29759,0,2025,5
2025-05-13,汐科,29579,1,2025,5
2025-05-14,汐科,29846,2,2025,5
2025-05-15,汐科,29537,3,2025,5
2025-05-16,汐科,30494,4,2025,5
2025-05-17,汐科,14717,5,2025,5
2025-05-18,汐科,11495,6,2025,5
2025-05-19,汐科,29068,0,2025,5
2025-05-20,汐科,29276,1,2025,5
2025-05-21,汐科,29712,2,2025,5
2025-05-22,汐科,29357,3,2025,5
2025-05-23,汐科,30005,4,2025,5
2025-05-24,汐科,13193,5,2025,5
2025-05-25,汐科,11761,6,2025,5
2025-05-26,汐科,29232,0,2025,5
2025-05-27,汐科,29969,1,2025,5
2025-05-28,汐科,29801,2,2025,5
2025-05-29,汐科,29599,3,2025,5
2025-05-30,汐科,13243,4,2025,5
2025-05-31,汐科,11786,5,2025,5
2025-06-01,汐科,12551,6,2025,6
2025-06-02,汐科,32901,0,2025,6
2025-06-03,汐科,29806,1,2025,6
2025-06-04,汐科,29390,2,2025,6
2025-06-05,汐科,29810,3,2025,6
2025-06-06,汐科,30125,4,2025,6
2025-06-07,汐科,14383,5,2025,6
2025-06-08,汐科,11993,6,2025,6
2025-06-09,汐科,29215,0,2025,6
2025-06-10,汐科,29523,1,2025,6
2025-06-11,汐科,29640,2,2025,6
2025-06-12,汐科,28990,3,2025,6
2025-06-13,汐科,29816,4,2025,6
2025-06-14,汐科,14078,5,2025,6
2025-06-15,汐科,11984,6,2025,6
2025-06-16,汐科,28990,0,2025,6
2025-06-17,汐科,28777,1,2025,6
2025-06-18,汐科,29193,2,2025,6
2025-06-19,汐科,28975,3,2025,6
2025-06-20,汐科,29438,4,2025,6
2025-06-21,汐科,14086,5,2025,6
2025-06-22,汐科,11403,6,2025,6
2025-06-23,汐科,28589,0,2025,6
2025-06-24,汐科,29077,1,2025,6
2025-06-25,汐科,29140,2,2025,6
2025-06-26,汐科,28954,3,2025,6
2025-06-27,汐科,29402,4,2025,6
2025-06-28,汐科,14311,5,2025,6
2025-06-29,汐科,12122,6,2025,6
2025-06-30,汐科,29500,0,2025,6
2025-07-01,汐科,32055,1,2025,7
2025-07-02,汐科,29539,2,2025,7
2025-07-03,汐科,29068,3,2025,7
2025-07-04,汐科,29366,4,2025,7
2025-07-05,汐科,13830,5,2025,7
2025-07-06,汐科,10250,6,2025,7
2025-07-07,汐科,26569,0,2025,7
2025-07-08,汐科,29299,1,2025,7
2025-07-09,汐科,28997,2,2025,7
2025-07-10,汐科,29547,3,2025,7
2025-07-11,汐科,29571,4,2025,7
2025-07-12,汐科,13583,5,2025,7
2025-07-13,汐科,11876,6,2025,7
2025-07-14,汐科,28624,0,2025,7
2025-07-15,汐科,28978,1,2025,7
2025-07-16,汐科,29127,2,2025,7
2025-07-17,汐科,28704,3,2025,7
2025-07-18,汐科,29117,4,2025,7
2025-07-19,汐科,12591,5,2025,7
2025-07-20,汐科,11017,6,2025,7
2025-07-21,汐科,28005,0,2025,7
2025-07-22,汐科,29125,1,2025,7
2025-07-23,汐科,29061,2,2025,7
2025-07-24,汐科,29110,3,2025,7
2025-07-25,汐科,28839,4,2025,7
2025-07-26,汐科,13526,5,2025,7
2025-07-27,汐科,11470,6,2025,7
2025-07-28,汐科,28294,0,2025,7
2025-07-29,汐科,28852,1,2025,7
2025-07-30,汐科,29097,2,2025,7
2025-07-31,汐科,28699,3,2025,7
2025-08-01,汐科,32117,4,2025,8
2025-08-02,汐科,13620,5,2025,8
2025-08-03,汐科,11657,6,2025,8
2025-08-04,汐科,29086,0,2025,8
2025-08-05,汐科,28687,1,2025,8
2025-08-06,汐科,29324,2,2025,8
2025-08-07,汐科,29070,3,2025,8
2025-08-08,汐科,29104,4,2025,8
2025-08-09,汐科,13754,5,2025,8
2025-08-10,汐科,11913,6,2025,8
2025-08-11,汐科,28448,0,2025,8
2025-08-12,汐科,28754,1,2025,8
2025-08-13,汐科,27573,2,2025,8
2025-08-14,汐科,28727,3,2025,8
2025-08-15,汐科,29497,4,2025,8
2025-08-16,汐科,14143,5,2025,8
2025-08-17,汐科,11977,6,2025,8
2025-08-18,汐科,28437,0,2025,8
2025-08-19,汐科,28803,1,2025,8
2025-08-20,汐科,28983,2,2025,8
2025-08-21,汐科,28843,3,2025,8
2025-08-22,汐科,29024,4,2025,8
2025-08-23,汐科,13853,5,2025,8
2025-08-24,汐科,12041,6,2025,8
2025-08-25,汐科,28424,0,2025,8
2025-08-26,汐科,28728,1,2025,8
2025-08-27,汐科,29469,2,2025,8
2025-08-28,汐科,28846,3,2025,8
2025-08-29,汐科,30220,4,2025,8
2025-08-30,汐科,13723,5,2025,8
2025-08-31,汐科,11087,6,2025,8
2025-09-01,汐科,31337,0,2025,9
2025-09-02,汐科,29270,1,2025,9
2025-09-03,汐科,29131,2,2025,9
2025-09-04,汐科,29315,3,2025,9
2025-09-05,汐科,30025,4,2025,9
2025-09-06,汐科,13517,5,2025,9
2025-09-07,汐科,11297,6,2025,9
2025-09-08,汐科,28824,0,2025,9
2025-09-09,汐科,29018,1,2025,9
2025-09-10,汐科,29149,2,2025,9
2025-09-11,汐科,28891,3,2025,9
2025-09-12,汐科,29590,4,2025,9
2025-09-13,汐科,14207,5,2025,9
2025-09-14,汐科,11741,6,2025,9
2025-09-15,汐科,28665,0,2025,9
2025-09-16,汐科,28936,1,2025,9
2025-09-17,汐科,29111,2,2025,9
2025-09-18,汐科,28928,3,2025,9
2025-09-19,汐科,29761,4,2025,9
2025-09-20,汐科,14497,5,2025,9
2025-09-21,汐科,11532,6,2025,9
2025-09-22,汐科,28346,0,2025,9
2025-09-23,汐科,27831,1,2025,9
2025-09-24,汐科,29050,2,2025,9
2025-09-25,汐科,29340,3,2025,9
2025-09-26,汐科,29780,4,2025,9
2025-09-27,汐科,13624,5,2025,9
2025-09-28,汐科,12721,6,2025,9
2025-09-29,汐科,11205,0,2025,9
2025-09-30,汐科,29092,1,2025,9
2025-10-01,汐科,32168,2,2025,10
2025-10-02,汐科,29756,3,2025,10
2025-10-03,汐科,30216,4,2025,10
2025-10-04,汐科,13396,5,2025,10
2025-10-05,汐科,11441,6,2025,10
2025-10-06,汐科,10310,0,2025,10
2025-10-07,汐科,28432,1,2025,10
2025-10-08,汐科,28366,2,2025,10
2025-10-09,汐科,29275,3,2025,10
2025-10-10,汐科,12668,4,2025,10
2025-10-11,汐科,12801,5,2025,10
2025-10-12,汐科,10832,6,2025,10
2025-10-13,汐科,28792,0,2025,10
2025-10-14,汐科,29089,1,2025,10
2025-10-15,汐科,29329,2,2025,10
2025-10-16,汐科,29091,3,2025,10
2025-10-17,汐科,29567,4,2025,10
2025-10-18,汐科,14085,5,2025,10
2025-10-19,汐科,10409,6,2025,10
2025-10-20,汐科,27042,0,2025,10
2025-10-21,汐科,27714,1,2025,10
2025-10-22,汐科,27812,2,2025,10
2025-10-23,汐科,29475,3,2025,10
2025-10-24,汐科,10713,4,2025,10
2025-10-25,汐科,11480,5,2025,10
2025-10-26,汐科,10577,6,2025,10
2025-10-27,汐科,29301,0,2025,10
2025-10-28,汐科,29017,1,2025,10
2025-10-29,汐科,29338,2,2025,10
2025-10-30,汐科,29509,3,2025,10
2025-10-31,汐科,30206,4,2025,10
2025-11-01,汐科,15046,5,2025,11
2025-11-02,汐科,11204,6,2025,11
2025-11-03,汐科,31317,0,2025,11
2025-11-04,汐科,29813,1,2025,11
2025-11-05,汐科,30234,2,2025,11
2025-11-06,汐科,29728,3,2025,11
2025-11-07,汐科,30599,4,2025,11
2025-11-08,汐科,15031,5,2025,11
2025-11-09,汐科,11878,6,2025,11
2025-11-10,汐科,28733,0,2025,11
2025-11-11,汐科,26117,1,2025,11
2025-11-12,汐科,28573,2,2025,11
2025-11-13,汐科,29153,3,2025,11
2025-11-14,汐科,30547,4,2025,11
2025-11-15,汐科,15010,5,2025,11
2025-11-16,汐科,12550,6,2025,11
2025-11-17,汐科,28908,0,2025,11
2025-11-18,汐科,29768,1,2025,11
2025-11-19,汐科,29752,2,2025,11
2025-11-20,汐科,30194,3,2025,11
2025-11-21,汐科,30534,4,2025,11
2025-11-22,汐科,14400,5,2025,11
2025-11-23,汐科,12220,6,2025,11
2025-11-24,汐科,29670,0,2025,11
2025-11-25,汐科,29687,1,2025,11
2025-11-26,汐科,30051,2,2025,11
2025-11-27,汐科,29797,3,2025,11
2025-11-28,汐科,30182,4,2025,11
2025-11-29,汐科,14928,5,2025,11
2025-11-30,汐科,12610,6,2025,11
2025-12-01,汐科,32567,0,2025,12
2025-12-02,汐科,30652,1,2025,12
2025-12-03,汐科,30270,2,2025,12
2025-12-04,汐科,30321,3,2025,12
2025-12-05,汐科,31197,4,2025,12
2025-12-06,汐科,13379,5,2025,12
2025-12-07,汐科,12881,6,2025,12
2025-12-08,汐科,29861,0,2025,12
2025-12-09,汐科,30027,1,2025,12
2025-12-10,汐科,30019,2,2025,12
2025-12-11,汐科,30611,3,2025,12
2025-12-12,汐科,30585,4,2025,12
2025-12-13,汐科,13431,5,2025,12
2025-12-14,汐科,13121,6,2025,12
2025-12-15,汐科,29560,0,2025,12
2025-12-16,汐科,30259,1,2025,12
2025-12-17,汐科,30213,2,2025,12
2025-12-18,汐科,30027,3,2025,12
2025-12-19,汐科,30851,4,2025,12
2025-12-20,汐科,14328,5,2025,12
2025-12-21,汐科,11368,6,2025,12
2025-12-22,汐科,29268,0,2025,12
2025-12-23,汐科,30001,1,2025,12
2025-12-24,汐科,30754,2,2025,12
2025-12-25,汐科,11219,3,2025,12
2025-12-26,汐科,27007,4,2025,12
2025-12-27,汐科,12845,5,2025,12
2025-12-28,汐科,11076,6,2025,12
2025-12-29,汐科,29427,0,2025,12
2025-12-30,汐科,29575,1,2025,12
2025-12-31,汐科,30679,2,2025,12
2026-01-01,汐科,11079,3,2026,1
2026-01-02,汐科,29058,4,2026,1
2026-01-03,汐科,13202,5,2026,1
2026-01-04,汐科,11823,6,2026,1
2026-01-05,汐科,30803,0,2026,1
2026-01-06,汐科,30417,1,2026,1
2026-01-07,汐科,30006,2,2026,1
2026-01-08,汐科,30145,3,2026,1
2026-01-09,汐科,30101,4,2026,1
2026-01-10,汐科,14113,5,2026,1
2026-01-11,汐科,11681,6,2026,1
2026-01-12,汐科,29539,0,2026,1
2026-01-13,汐科,29843,1,2026,1
2026-01-14,汐科,30029,2,2026,1
2026-01-15,汐科,30155,3,2026,1
2026-01-16,汐科,30899,4,2026,1
2026-01-17,汐科,14027,5,2026,1
2026-01-18,汐科,11655,6,2026,1
2026-01-19,汐科,29625,0,2026,1
2026-01-20,汐科,30432,1,2026,1
2026-01-21,汐科,29824,2,2026,1
2026-01-22,汐科,29601,3,2026,1
2026-01-23,汐科,30535,4,2026,1
2026-01-24,汐科,13536,5,2026,1
2026-01-25,汐科,12599,6,2026,1
2026-01-26,汐科,30082,0,2026,1
2026-01-27,汐科,29703,1,2026,1
2026-01-28,汐科,30002,2,2026,1
2026-01-29,汐科,30358,3,2026,1
2026-01-30,汐科,30721,4,2026,1
2026-01-31,汐科,14180,5,2026,1
2026-02-01,汐科,11794,6,2026,2
2026-02-02,汐科,31845,0,2026,2
2026-02-03,汐科,30666,1,2026,2
2026-02-04,汐科,31232,2,2026,2
2026-02-05,汐科,31027,3,2026,2
2026-02-06,汐科,30953,4,2026,2
2026-02-07,汐科,13706,5,2026,2
2026-02-08,汐科,12119,6,2026,2
2026-02-09,汐科,30314,0,2026,2
2026-02-10,汐科,31085,1,2026,2
2026-02-11,汐科,30770,2,2026,2
2026-02-12,汐科,31036,3,2026,2
2026-02-13,汐科,29935,4,2026,2
2026-02-14,汐科,13148,5,2026,2
2026-02-15,汐科,10731,6,2026,2
2026-02-16,汐科,6979,0,2026,2
2026-02-17,汐科,9687,1,2026,2
2026-02-18,汐科,11621,2,2026,2
2026-02-19,汐科,13090,3,2026,2
2026-02-20,汐科,13241,4,2026,2
2026-02-21,汐科,13995,5,2026,2
2026-02-22,汐科,11875,6,2026,2
2026-02-23,汐科,29586,0,2026,2
2026-02-24,汐科,29544,1,2026,2
2026-02-25,汐科,29850,2,2026,2
2026-02-26,汐科,30885,3,2026,2
2026-02-27,汐科,13723,4,2026,2
2026-02-28,汐科,13599,5,2026,2
2026-03-01,汐科,12191,6,2026,3
2026-03-02,汐科,31915,0,2026,3
2026-03-03,汐科,29948,1,2026,3
2026-03-04,汐科,30207,2,2026,3
2026-03-05,汐科,30847,3,2026,3
2026-03-06,汐科,31134,4,2026,3
2026-03-07,汐科,14001,5,2026,3
2026-03-08,汐科,11751,6,2026,3
2026-03-09,汐科,30033,0,2026,3
2026-03-10,汐科,29723,1,2026,3
2026-03-11,汐科,29827,2,2026,3
2026-03-12,汐科,30289,3,2026,3
2026-03-13,汐科,31089,4,2026,3
2026-03-14,汐科,15153,5,2026,3
2026-03-15,汐科,12809,6,2026,3
2026-03-16,汐科,29943,0,2026,3
2026-03-17,汐科,30337,1,2026,3
2026-03-18,汐科,29796,2,2026,3
2026-03-19,汐科,29818,3,2026,3
2026-03-20,汐科,30889,4,2026,3
2026-03-21,汐科,14253,5,2026,3
2026-03-22,汐科,12510,6,2026,3
2026-03-23,汐科,30104,0,2026,3
2026-03-24,汐科,30535,1,2026,3
2026-03-25,汐科,30294,2,2026,3
2026-03-26,汐科,30520,3,2026,3
2026-03-27,汐科,21496,4,2026,3
2026-03-28,汐科,13553,5,2026,3
2026-03-29,汐科,11497,6,2026,3
2026-03-30,汐科,29904,0,2026,3
2026-03-31,汐科,29694,1,2026,3
2026-04-01,汐科,32603,2,2026,4
2026-04-02,汐科,31264,3,2026,4
2026-04-03,汐科,12784,4,2026,4
2026-04-04,汐科,11341,5,2026,4
2026-04-05,汐科,12066,6,2026,4
2026-04-06,汐科,11044,0,2026,4
2026-04-07,汐科,29881,1,2026,4
2026-04-08,汐科,30191,2,2026,4
2026-04-09,汐科,30240,3,2026,4
2026-04-10,汐科,31145,4,2026,4
2026-04-11,汐科,14473,5,2026,4
2026-04-12,汐科,11979,6,2026,4
2026-04-13,汐科,29917,0,2026,4
2026-04-14,汐科,29888,1,2026,4
2026-04-15,汐科,30074,2,2026,4
2026-04-16,汐科,29673,3,2026,4
2026-04-17,汐科,30450,4,2026,4
2026-04-18,汐科,14012,5,2026,4
2026-04-19,汐科,12238,6,2026,4
2026-04-20,汐科,29465,0,2026,4
2026-04-21,汐科,29937,1,2026,4
2026-04-22,汐科,30040,2,2026,4
2026-04-23,汐科,29703,3,2026,4
2026-04-24,汐科,30309,4,2026,4
2026-04-25,汐科,13533,5,2026,4
2026-04-26,汐科,12458,6,2026,4
2026-04-27,汐科,29963,0,2026,4
2026-04-28,汐科,30081,1,2026,4
2026-04-29,汐科,30050,2,2026,4
2026-04-30,汐科,30251,3,2026,4
2026-05-01,汐科,14791,4,2026,5
2026-05-02,汐科,13612,5,2026,5
2026-05-03,汐科,11586,6,2026,5
2026-05-04,汐科,31251,0,2026,5
2026-05-05,汐科,29836,1,2026,5
2026-05-06,汐科,30432,2,2026,5
2026-05-07,汐科,30431,3,2026,5
2026-05-08,汐科,30647,4,2026,5
2026-05-09,汐科,13728,5,2026,5
2026-05-10,汐科,12049,6,2026,5
2026-05-11,汐科,30155,0,2026,5
2026-05-12,汐科,30248,1,2026,5
2026-05-13,汐科,29694,2,2026,5
2026-05-14,汐科,29576,3,2026,5
2026-05-15,汐科,30942,4,2026,5
2026-05-16,汐科,14386,5,2026,5
2026-05-17,汐科,12531,6,2026,5
2026-05-18,汐科,29542,0,2026,5
2026-05-19,汐科,29879,1,2026,5
2026-05-20,汐科,29652,2,2026,5
2026-05-21,汐科,29836,3,2026,5
2026-05-22,汐科,30575,4,2026,5
2026-05-23,汐科,14289,5,2026,5
2026-05-24,汐科,11950,6,2026,5
2026-05-25,汐科,29419,0,2026,5
2026-05-26,汐科,29642,1,2026,5
2026-05-27,汐科,29985,2,2026,5
2026-05-28,汐科,29470,3,2026,5
2026-05-29,汐科,29759,4,2026,5
2026-05-30,汐科,14307,5,2026,5
2026-05-31,汐科,11785,6,2026,5
2026-06-01,汐科,32364,0,2026,6
2026-06-02,汐科,30475,1,2026,6
2026-06-03,汐科,29914,2,2026,6
2026-06-04,汐科,29469,3,2026,6
2026-06-05,汐科,29975,4,2026,6
2026-06-06,汐科,13816,5,2026,6
2026-06-07,汐科,11315,6,2026,6
2026-06-08,汐科,29202,0,2026,6
2026-06-09,汐科,29164,1,2026,6
2026-06-10,汐科,29082,2,2026,6
2026-06-11,汐科,29661,3,2026,6
2026-06-12,汐科,29546,4,2026,6
2026-06-13,汐科,13669,5,2026,6
2026-06-14,汐科,11000,6,2026,6
2026-06-15,汐科,29517,0,2026,6
2026-06-16,汐科,29353,1,2026,6
2026-06-17,汐科,29556,2,2026,6
2026-06-18,汐科,29612,3,2026,6
2026-06-19,汐科,11050,4,2026,6
2026-06-20,汐科,12720,5,2026,6
2026-06-21,汐科,10728,6,2026,6
2026-06-22,汐科,29210,0,2026,6
2026-06-23,汐科,29314,1,2026,6
2026-06-24,汐科,29672,2,2026,6
2026-06-25,汐科,28680,3,2026,6
2026-06-26,汐科,28734,4,2026,6
2026-06-27,汐科,12393,5,2026,6
2026-06-28,汐科,10719,6,2026,6
2026-06-29,汐科,29467,0,2026,6
2026-06-30,汐科,30318,1,2026,6
2026-07-01,汐科,32929,2,2026,7
2026-07-02,汐科,29883,3,2026,7
2026-07-03,汐科,29811,4,2026,7
2026-07-04,汐科,13602,5,2026,7
2026-07-05,汐科,12109,6,2026,7
2026-07-06,汐科,29765,0,2026,7
2026-07-07,汐科,30048,1,2026,7
2026-07-08,汐科,30445,2,2026,7
2026-07-09,汐科,30345,3,2026,7
2026-07-10,汐科,4621,4,2026,7
2026-07-11,汐科,35,5,2026,7
2026-07-12,汐科,11832,6,2026,7
2026-07-13,汐科,29824,0,2026,7
2026-07-14,汐科,29860,1,2026,7
2026-07-15,汐科,29883,2,2026,7
2026-07-16,汐科,29855,3,2026,7
2026-07-17,汐科,30197,4,2026,7
2026-07-18,汐科,14139,5,2026,7
2026-07-19,汐科,11870,6,2026,7
2026-07-20,汐科,29153,0,2026,7
2026-07-21,汐科,29974,1,2026,7
2026-07-22,汐科,30025,2,2026,7
2026-07-23,汐科,29639,3,2026,7
2026-07-24,汐科,29282,4,2026,7
2026-07-25,汐科,14365,5,2026,7
2026-07-26,汐科,12070,6,2026,7
2026-07-27,汐科,29177,0,2026,7
2026-07-28,汐科,29484,1,2026,7
2026-07-29,汐科,29959,2,2026,7
2026-07-30,汐科,29722,3,2026,7
2026-07-31,汐科,29902,4,2026,7
2024-01-01,白沙屯,2366,0,2024,1
2024-01-02,白沙屯,939,1,2024,1
2024-01-03,白沙屯,908,2,2024,1
2024-01-04,白沙屯,928,3,2024,1
2024-01-05,白沙屯,997,4,2024,1
2024-01-06,白沙屯,1777,5,2024,1
2024-01-07,白沙屯,1757,6,2024,1
2024-01-08,白沙屯,824,0,2024,1
2024-01-09,白沙屯,772,1,2024,1
2024-01-10,白沙屯,758,2,2024,1
2024-01-11,白沙屯,786,3,2024,1
2024-01-12,白沙屯,929,4,2024,1
2024-01-13,白沙屯,1089,5,2024,1
2024-01-14,白沙屯,1534,6,2024,1
2024-01-15,白沙屯,800,0,2024,1
2024-01-16,白沙屯,769,1,2024,1
2024-01-17,白沙屯,874,2,2024,1
2024-01-18,白沙屯,896,3,2024,1
2024-01-19,白沙屯,888,4,2024,1
2024-01-20,白沙屯,1303,5,2024,1
2024-01-21,白沙屯,1383,6,2024,1
2024-01-22,白沙屯,506,0,2024,1
2024-01-23,白沙屯,339,1,2024,1
2024-01-24,白沙屯,545,2,2024,1
2024-01-25,白沙屯,1687,3,2024,1
2024-01-26,白沙屯,751,4,2024,1
2024-01-27,白沙屯,1349,5,2024,1
2024-01-28,白沙屯,1292,6,2024,1
2024-01-29,白沙屯,781,0,2024,1
2024-01-30,白沙屯,923,1,2024,1
2024-01-31,白沙屯,1079,2,2024,1
2024-02-01,白沙屯,937,3,2024,2
2024-02-02,白沙屯,922,4,2024,2
2024-02-03,白沙屯,1021,5,2024,2
2024-02-04,白沙屯,1348,6,2024,2
2024-02-05,白沙屯,607,0,2024,2
2024-02-06,白沙屯,790,1,2024,2
2024-02-07,白沙屯,514,2,2024,2
2024-02-08,白沙屯,503,3,2024,2
2024-02-09,白沙屯,437,4,2024,2
2024-02-10,白沙屯,4901,5,2024,2
2024-02-11,白沙屯,4359,6,2024,2
2024-02-12,白沙屯,5779,0,2024,2
2024-02-13,白沙屯,5609,1,2024,2
2024-02-14,白沙屯,3730,2,2024,2
2024-02-15,白沙屯,2287,3,2024,2
2024-02-16,白沙屯,3025,4,2024,2
2024-02-17,白沙屯,3935,5,2024,2
2024-02-18,白沙屯,4717,6,2024,2
2024-02-19,白沙屯,3069,0,2024,2
2024-02-20,白沙屯,2824,1,2024,2
2024-02-21,白沙屯,2572,2,2024,2
2024-02-22,白沙屯,2489,3,2024,2
2024-02-23,白沙屯,2004,4,2024,2
2024-02-24,白沙屯,3204,5,2024,2
2024-02-25,白沙屯,3706,6,2024,2
2024-02-26,白沙屯,1618,0,2024,2
2024-02-27,白沙屯,1454,1,2024,2
2024-02-28,白沙屯,5083,2,2024,2
2024-02-29,白沙屯,1929,3,2024,2
2024-03-01,白沙屯,1151,4,2024,3
2024-03-02,白沙屯,2070,5,2024,3
2024-03-03,白沙屯,3094,6,2024,3
2024-03-04,白沙屯,1985,0,2024,3
2024-03-05,白沙屯,2258,1,2024,3
2024-03-06,白沙屯,1623,2,2024,3
2024-03-07,白沙屯,1262,3,2024,3
2024-03-08,白沙屯,1561,4,2024,3
2024-03-09,白沙屯,3174,5,2024,3
2024-03-10,白沙屯,2988,6,2024,3
2024-03-11,白沙屯,1218,0,2024,3
2024-03-12,白沙屯,2130,1,2024,3
2024-03-13,白沙屯,2246,2,2024,3
2024-03-14,白沙屯,2110,3,2024,3
2024-03-15,白沙屯,2331,4,2024,3
2024-03-16,白沙屯,5851,5,2024,3
2024-03-17,白沙屯,38973,6,2024,3
2024-03-18,白沙屯,2725,0,2024,3
2024-03-19,白沙屯,657,1,2024,3
2024-03-20,白沙屯,789,2,2024,3
2024-03-21,白沙屯,605,3,2024,3
2024-03-22,白沙屯,704,4,2024,3
2024-03-23,白沙屯,1221,5,2024,3
2024-03-24,白沙屯,1592,6,2024,3
2024-03-25,白沙屯,4316,0,2024,3
2024-03-26,白沙屯,36417,1,2024,3
2024-03-27,白沙屯,2871,2,2024,3
2024-03-28,白沙屯,1708,3,2024,3
2024-03-29,白沙屯,1629,4,2024,3
2024-03-30,白沙屯,2814,5,2024,3
2024-03-31,白沙屯,2584,6,2024,3
2024-04-01,白沙屯,1166,0,2024,4
2024-04-02,白沙屯,1455,1,2024,4
2024-04-03,白沙屯,934,2,2024,4
2024-04-04,白沙屯,1816,3,2024,4
2024-04-05,白沙屯,5824,4,2024,4
2024-04-06,白沙屯,8919,5,2024,4
2024-04-07,白沙屯,3406,6,2024,4
2024-04-08,白沙屯,2060,0,2024,4
2024-04-09,白沙屯,2080,1,2024,4
2024-04-10,白沙屯,2568,2,2024,4
2024-04-11,白沙屯,2555,3,2024,4
2024-04-12,白沙屯,2336,4,2024,4
2024-04-13,白沙屯,4476,5,2024,4
2024-04-14,白沙屯,4942,6,2024,4
2024-04-15,白沙屯,2455,0,2024,4
2024-04-16,白沙屯,2178,1,2024,4
2024-04-17,白沙屯,2487,2,2024,4
2024-04-18,白沙屯,1805,3,2024,4
2024-04-19,白沙屯,2340,4,2024,4
2024-04-20,白沙屯,4947,5,2024,4
2024-04-21,白沙屯,5049,6,2024,4
2024-04-22,白沙屯,2195,0,2024,4
2024-04-23,白沙屯,1315,1,2024,4
2024-04-24,白沙屯,931,2,2024,4
2024-04-25,白沙屯,1137,3,2024,4
2024-04-26,白沙屯,1115,4,2024,4
2024-04-27,白沙屯,2689,5,2024,4
2024-04-28,白沙屯,2769,6,2024,4
2024-04-29,白沙屯,2803,0,2024,4
2024-04-30,白沙屯,2819,1,2024,4
2024-05-01,白沙屯,8007,2,2024,5
2024-05-02,白沙屯,1111,3,2024,5
2024-05-03,白沙屯,1866,4,2024,5
2024-05-04,白沙屯,3754,5,2024,5
2024-05-05,白沙屯,2742,6,2024,5
2024-05-06,白沙屯,1734,0,2024,5
2024-05-07,白沙屯,1639,1,2024,5
2024-05-08,白沙屯,1661,2,2024,5
2024-05-09,白沙屯,1745,3,2024,5
2024-05-10,白沙屯,1583,4,2024,5
2024-05-11,白沙屯,2795,5,2024,5
2024-05-12,白沙屯,2762,6,2024,5
2024-05-13,白沙屯,1317,0,2024,5
2024-05-14,白沙屯,1810,1,2024,5
2024-05-15,白沙屯,1830,2,2024,5
2024-05-16,白沙屯,1608,3,2024,5
2024-05-17,白沙屯,1662,4,2024,5
2024-05-18,白沙屯,3306,5,2024,5
2024-05-19,白沙屯,3286,6,2024,5
2024-05-20,白沙屯,1404,0,2024,5
2024-05-21,白沙屯,1022,1,2024,5
2024-05-22,白沙屯,1137,2,2024,5
2024-05-23,白沙屯,1179,3,2024,5
2024-05-24,白沙屯,1157,4,2024,5
2024-05-25,白沙屯,3049,5,2024,5
2024-05-26,白沙屯,2614,6,2024,5
2024-05-27,白沙屯,1126,0,2024,5
2024-05-28,白沙屯,803,1,2024,5
2024-05-29,白沙屯,1235,2,2024,5
2024-05-30,白沙屯,1341,3,2024,5
2024-05-31,白沙屯,1217,4,2024,5
2024-06-01,白沙屯,1805,5,2024,6
2024-06-02,白沙屯,1156,6,2024,6
2024-06-03,白沙屯,1024,0,2024,6
2024-06-04,白沙屯,1382,1,2024,6
2024-06-05,白沙屯,884,2,2024,6
2024-06-06,白沙屯,937,3,2024,6
2024-06-07,白沙屯,1082,4,2024,6
2024-06-08,白沙屯,2331,5,2024,6
2024-06-09,白沙屯,3201,6,2024,6
2024-06-10,白沙屯,1373,0,2024,6
2024-06-11,白沙屯,1217,1,2024,6
2024-06-12,白沙屯,1444,2,2024,6
2024-06-13,白沙屯,1235,3,2024,6
2024-06-14,白沙屯,1160,4,2024,6
2024-06-15,白沙屯,2192,5,2024,6
2024-06-16,白沙屯,2385,6,2024,6
2024-06-17,白沙屯,1187,0,2024,6
2024-06-18,白沙屯,1346,1,2024,6
2024-06-19,白沙屯,1178,2,2024,6
2024-06-20,白沙屯,1127,3,2024,6
2024-06-21,白沙屯,1207,4,2024,6
2024-06-22,白沙屯,2075,5,2024,6
2024-06-23,白沙屯,1991,6,2024,6
2024-06-24,白沙屯,1082,0,2024,6
2024-06-25,白沙屯,1101,1,2024,6
2024-06-26,白沙屯,1059,2,2024,6
2024-06-27,白沙屯,1094,3,2024,6
2024-06-28,白沙屯,1015,4,2024,6
2024-06-29,白沙屯,2131,5,2024,6
2024-06-30,白沙屯,2125,6,2024,6
2024-07-01,白沙屯,1058,0,2024,7
2024-07-02,白沙屯,1052,1,2024,7
2024-07-03,白沙屯,1048,2,2024,7
2024-07-04,白沙屯,780,3,2024,7
2024-07-05,白沙屯,1136,4,2024,7
2024-07-06,白沙屯,1887,5,2024,7
2024-07-07,白沙屯,1906,6,2024,7
2024-07-08,白沙屯,888,0,2024,7
2024-07-09,白沙屯,945,1,2024,7
2024-07-10,白沙屯,1200,2,2024,7
2024-07-11,白沙屯,1044,3,2024,7
2024-07-12,白沙屯,989,4,2024,7
2024-07-13,白沙屯,1977,5,2024,7
2024-07-14,白沙屯,2095,6,2024,7
2024-07-15,白沙屯,1094,0,2024,7
2024-07-16,白沙屯,1302,1,2024,7
2024-07-17,白沙屯,970,2,2024,7
2024-07-18,白沙屯,1141,3,2024,7
2024-07-19,白沙屯,1032,4,2024,7
2024-07-20,白沙屯,1860,5,2024,7
2024-07-21,白沙屯,1860,6,2024,7
2024-07-22,白沙屯,937,0,2024,7
2024-07-23,白沙屯,743,1,2024,7
2024-07-24,白沙屯,84,2,2024,7
2024-07-25,白沙屯,26,3,2024,7
2024-07-26,白沙屯,334,4,2024,7
2024-07-27,白沙屯,1548,5,2024,7
2024-07-28,白沙屯,2143,6,2024,7
2024-07-29,白沙屯,1074,0,2024,7
2024-07-30,白沙屯,1036,1,2024,7
2024-07-31,白沙屯,1206,2,2024,7
2024-08-01,白沙屯,1131,3,2024,8
2024-08-02,白沙屯,1317,4,2024,8
2024-08-03,白沙屯,2156,5,2024,8
2024-08-04,白沙屯,1310,6,2024,8
2024-08-05,白沙屯,714,0,2024,8
2024-08-06,白沙屯,714,1,2024,8
2024-08-07,白沙屯,695,2,2024,8
2024-08-08,白沙屯,657,3,2024,8
2024-08-09,白沙屯,894,4,2024,8
2024-08-10,白沙屯,1152,5,2024,8
2024-08-11,白沙屯,1477,6,2024,8
2024-08-12,白沙屯,748,0,2024,8
2024-08-13,白沙屯,790,1,2024,8
2024-08-14,白沙屯,770,2,2024,8
2024-08-15,白沙屯,592,3,2024,8
2024-08-16,白沙屯,656,4,2024,8
2024-08-17,白沙屯,1126,5,2024,8
2024-08-18,白沙屯,868,6,2024,8
2024-08-19,白沙屯,712,0,2024,8
2024-08-20,白沙屯,740,1,2024,8
2024-08-21,白沙屯,811,2,2024,8
2024-08-22,白沙屯,712,3,2024,8
2024-08-23,白沙屯,843,4,2024,8
2024-08-24,白沙屯,1738,5,2024,8
2024-08-25,白沙屯,1702,6,2024,8
2024-08-26,白沙屯,708,0,2024,8
2024-08-27,白沙屯,893,1,2024,8
2024-08-28,白沙屯,721,2,2024,8
2024-08-29,白沙屯,671,3,2024,8
2024-08-30,白沙屯,767,4,2024,8
2024-08-31,白沙屯,1440,5,2024,8
2024-09-01,白沙屯,2014,6,2024,9
2024-09-02,白沙屯,796,0,2024,9
2024-09-03,白沙屯,1252,1,2024,9
2024-09-04,白沙屯,1133,2,2024,9
2024-09-05,白沙屯,1009,3,2024,9
2024-09-06,白沙屯,1080,4,2024,9
2024-09-07,白沙屯,2114,5,2024,9
2024-09-08,白沙屯,2221,6,2024,9
2024-09-09,白沙屯,885,0,2024,9
2024-09-10,白沙屯,1082,1,2024,9
2024-09-11,白沙屯,927,2,2024,9
2024-09-12,白沙屯,1032,3,2024,9
2024-09-13,白沙屯,1077,4,2024,9
2024-09-14,白沙屯,1818,5,2024,9
2024-09-15,白沙屯,2028,6,2024,9
2024-09-16,白沙屯,1382,0,2024,9
2024-09-17,白沙屯,1753,1,2024,9
2024-09-18,白沙屯,1146,2,2024,9
2024-09-19,白沙屯,842,3,2024,9
2024-09-20,白沙屯,1011,4,2024,9
2024-09-21,白沙屯,1661,5,2024,9
2024-09-22,白沙屯,1130,6,2024,9
2024-09-23,白沙屯,757,0,2024,9
2024-09-24,白沙屯,859,1,2024,9
2024-09-25,白沙屯,1090,2,2024,9
2024-09-26,白沙屯,1075,3,2024,9
2024-09-27,白沙屯,1091,4,2024,9
2024-09-28,白沙屯,2350,5,2024,9
2024-09-29,白沙屯,2352,6,2024,9
2024-09-30,白沙屯,819,0,2024,9
2024-10-01,白沙屯,660,1,2024,10
2024-10-02,白沙屯,152,2,2024,10
2024-10-03,白沙屯,218,3,2024,10
2024-10-04,白沙屯,505,4,2024,10
2024-10-05,白沙屯,1443,5,2024,10
2024-10-06,白沙屯,2178,6,2024,10
2024-10-07,白沙屯,1037,0,2024,10
2024-10-08,白沙屯,1023,1,2024,10
2024-10-09,白沙屯,1086,2,2024,10
2024-10-10,白沙屯,2300,3,2024,10
2024-10-11,白沙屯,1609,4,2024,10
2024-10-12,白沙屯,2587,5,2024,10
2024-10-13,白沙屯,2513,6,2024,10
2024-10-14,白沙屯,1294,0,2024,10
2024-10-15,白沙屯,1191,1,2024,10
2024-10-16,白沙屯,1263,2,2024,10
2024-10-17,白沙屯,1201,3,2024,10
2024-10-18,白沙屯,1273,4,2024,10
2024-10-19,白沙屯,2887,5,2024,10
2024-10-20,白沙屯,2640,6,2024,10
2024-10-21,白沙屯,1171,0,2024,10
2024-10-22,白沙屯,1276,1,2024,10
2024-10-23,白沙屯,1070,2,2024,10
2024-10-24,白沙屯,977,3,2024,10
2024-10-25,白沙屯,1046,4,2024,10
2024-10-26,白沙屯,2233,5,2024,10
2024-10-27,白沙屯,2369,6,2024,10
2024-10-28,白沙屯,1084,0,2024,10
2024-10-29,白沙屯,1045,1,2024,10
2024-10-30,白沙屯,878,2,2024,10
2024-10-31,白沙屯,37,3,2024,10
2024-11-01,白沙屯,518,4,2024,11
2024-11-02,白沙屯,1683,5,2024,11
2024-11-03,白沙屯,2654,6,2024,11
2024-11-04,白沙屯,1231,0,2024,11
2024-11-05,白沙屯,1240,1,2024,11
2024-11-06,白沙屯,1213,2,2024,11
2024-11-07,白沙屯,1082,3,2024,11
2024-11-08,白沙屯,1140,4,2024,11
2024-11-09,白沙屯,2139,5,2024,11
2024-11-10,白沙屯,2746,6,2024,11
2024-11-11,白沙屯,1167,0,2024,11
2024-11-12,白沙屯,1073,1,2024,11
2024-11-13,白沙屯,1124,2,2024,11
2024-11-14,白沙屯,1179,3,2024,11
2024-11-15,白沙屯,1151,4,2024,11
2024-11-16,白沙屯,2416,5,2024,11
2024-11-17,白沙屯,2529,6,2024,11
2024-11-18,白沙屯,1236,0,2024,11
2024-11-19,白沙屯,1069,1,2024,11
2024-11-20,白沙屯,1101,2,2024,11
2024-11-21,白沙屯,891,3,2024,11
2024-11-22,白沙屯,1176,4,2024,11
2024-11-23,白沙屯,2455,5,2024,11
2024-11-24,白沙屯,2924,6,2024,11
2024-11-25,白沙屯,1456,0,2024,11
2024-11-26,白沙屯,1174,1,2024,11
2024-11-27,白沙屯,1273,2,2024,11
2024-11-28,白沙屯,1084,3,2024,11
2024-11-29,白沙屯,1210,4,2024,11
2024-11-30,白沙屯,2660,5,2024,11
2024-12-01,白沙屯,3602,6,2024,12
2024-12-02,白沙屯,1427,0,2024,12
2024-12-03,白沙屯,1303,1,2024,12
2024-12-04,白沙屯,1438,2,2024,12
2024-12-05,白沙屯,1640,3,2024,12
2024-12-06,白沙屯,1198,4,2024,12
2024-12-07,白沙屯,2695,5,2024,12
2024-12-08,白沙屯,2634,6,2024,12
2024-12-09,白沙屯,1272,0,2024,12
2024-12-10,白沙屯,1251,1,2024,12
2024-12-11,白沙屯,1330,2,2024,12
2024-12-12,白沙屯,1247,3,2024,12
2024-12-13,白沙屯,1193,4,2024,12
2024-12-14,白沙屯,2152,5,2024,12
2024-12-15,白沙屯,1975,6,2024,12
2024-12-16,白沙屯,1253,0,2024,12
2024-12-17,白沙屯,1065,1,2024,12
2024-12-18,白沙屯,1192,2,2024,12
2024-12-19,白沙屯,905,3,2024,12
2024-12-20,白沙屯,877,4,2024,12
2024-12-21,白沙屯,1411,5,2024,12
2024-12-22,白沙屯,1819,6,2024,12
2024-12-23,白沙屯,869,0,2024,12
2024-12-24,白沙屯,715,1,2024,12
2024-12-25,白沙屯,1051,2,2024,12
2024-12-26,白沙屯,993,3,2024,12
2024-12-27,白沙屯,1127,4,2024,12
2024-12-28,白沙屯,1592,5,2024,12
2024-12-29,白沙屯,1871,6,2024,12
2024-12-30,白沙屯,1207,0,2024,12
2024-12-31,白沙屯,1149,1,2024,12
2025-01-01,白沙屯,2914,2,2025,1
2025-01-02,白沙屯,931,3,2025,1
2025-01-03,白沙屯,1191,4,2025,1
2025-01-04,白沙屯,2093,5,2025,1
2025-01-05,白沙屯,1923,6,2025,1
2025-01-06,白沙屯,1029,0,2025,1
2025-01-07,白沙屯,1025,1,2025,1
2025-01-08,白沙屯,1118,2,2025,1
2025-01-09,白沙屯,851,3,2025,1
2025-01-10,白沙屯,815,4,2025,1
2025-01-11,白沙屯,1341,5,2025,1
2025-01-12,白沙屯,1716,6,2025,1
2025-01-13,白沙屯,946,0,2025,1
2025-01-14,白沙屯,2456,1,2025,1
2025-01-15,白沙屯,764,2,2025,1
2025-01-16,白沙屯,875,3,2025,1
2025-01-17,白沙屯,1003,4,2025,1
2025-01-18,白沙屯,1746,5,2025,1
2025-01-19,白沙屯,1816,6,2025,1
2025-01-20,白沙屯,954,0,2025,1
2025-01-21,白沙屯,937,1,2025,1
2025-01-22,白沙屯,989,2,2025,1
2025-01-23,白沙屯,679,3,2025,1
2025-01-24,白沙屯,828,4,2025,1
2025-01-25,白沙屯,1115,5,2025,1
2025-01-26,白沙屯,1438,6,2025,1
2025-01-27,白沙屯,812,0,2025,1
2025-01-28,白沙屯,532,1,2025,1
2025-01-29,白沙屯,7590,2,2025,1
2025-01-30,白沙屯,6264,3,2025,1
2025-01-31,白沙屯,7186,4,2025,1
2025-02-01,白沙屯,5612,5,2025,2
2025-02-02,白沙屯,3115,6,2025,2
2025-02-03,白沙屯,1501,0,2025,2
2025-02-04,白沙屯,1838,1,2025,2
2025-02-05,白沙屯,1791,2,2025,2
2025-02-06,白沙屯,2106,3,2025,2
2025-02-07,白沙屯,1420,4,2025,2
2025-02-08,白沙屯,2051,5,2025,2
2025-02-09,白沙屯,2156,6,2025,2
2025-02-10,白沙屯,1693,0,2025,2
2025-02-11,白沙屯,1778,1,2025,2
2025-02-12,白沙屯,858,2,2025,2
2025-02-13,白沙屯,620,3,2025,2
2025-02-14,白沙屯,1254,4,2025,2
2025-02-15,白沙屯,2941,5,2025,2
2025-02-16,白沙屯,3031,6,2025,2
2025-02-17,白沙屯,1604,0,2025,2
2025-02-18,白沙屯,1553,1,2025,2
2025-02-19,白沙屯,1608,2,2025,2
2025-02-20,白沙屯,1522,3,2025,2
2025-02-21,白沙屯,1346,4,2025,2
2025-02-22,白沙屯,3116,5,2025,2
2025-02-23,白沙屯,2166,6,2025,2
2025-02-24,白沙屯,1260,0,2025,2
2025-02-25,白沙屯,1769,1,2025,2
2025-02-26,白沙屯,1473,2,2025,2
2025-02-27,白沙屯,1652,3,2025,2
2025-02-28,白沙屯,4874,4,2025,2
2025-03-01,白沙屯,3975,5,2025,3
2025-03-02,白沙屯,3351,6,2025,3
2025-03-03,白沙屯,1586,0,2025,3
2025-03-04,白沙屯,928,1,2025,3
2025-03-05,白沙屯,694,2,2025,3
2025-03-06,白沙屯,691,3,2025,3
2025-03-07,白沙屯,1063,4,2025,3
2025-03-08,白沙屯,2911,5,2025,3
2025-03-09,白沙屯,3443,6,2025,3
2025-03-10,白沙屯,1932,0,2025,3
2025-03-11,白沙屯,1921,1,2025,3
2025-03-12,白沙屯,2025,2,2025,3
2025-03-13,白沙屯,977,3,2025,3
2025-03-14,白沙屯,996,4,2025,3
2025-03-15,白沙屯,2017,5,2025,3
2025-03-16,白沙屯,2057,6,2025,3
2025-03-17,白沙屯,1327,0,2025,3
2025-03-18,白沙屯,968,1,2025,3
2025-03-19,白沙屯,1387,2,2025,3
2025-03-20,白沙屯,1689,3,2025,3
2025-03-21,白沙屯,1803,4,2025,3
2025-03-22,白沙屯,3427,5,2025,3
2025-03-23,白沙屯,3351,6,2025,3
2025-03-24,白沙屯,1632,0,2025,3
2025-03-25,白沙屯,1705,1,2025,3
2025-03-26,白沙屯,2082,2,2025,3
2025-03-27,白沙屯,4460,3,2025,3
2025-03-28,白沙屯,3298,4,2025,3
2025-03-29,白沙屯,4703,5,2025,3
2025-03-30,白沙屯,2731,6,2025,3
2025-03-31,白沙屯,2818,0,2025,3
2025-04-01,白沙屯,2512,1,2025,4
2025-04-02,白沙屯,2686,2,2025,4
2025-04-03,白沙屯,3766,3,2025,4
2025-04-04,白沙屯,3252,4,2025,4
2025-04-05,白沙屯,3953,5,2025,4
2025-04-06,白沙屯,2884,6,2025,4
2025-04-07,白沙屯,2282,0,2025,4
2025-04-08,白沙屯,2003,1,2025,4
2025-04-09,白沙屯,1822,2,2025,4
2025-04-10,白沙屯,878,3,2025,4
2025-04-11,白沙屯,1571,4,2025,4
2025-04-12,白沙屯,3515,5,2025,4
2025-04-13,白沙屯,3967,6,2025,4
2025-04-14,白沙屯,2948,0,2025,4
2025-04-15,白沙屯,2927,1,2025,4
2025-04-16,白沙屯,3266,2,2025,4
2025-04-17,白沙屯,3092,3,2025,4
2025-04-18,白沙屯,2879,4,2025,4
2025-04-19,白沙屯,6115,5,2025,4
2025-04-20,白沙屯,7811,6,2025,4
2025-04-21,白沙屯,2851,0,2025,4
2025-04-22,白沙屯,2782,1,2025,4
2025-04-23,白沙屯,2047,2,2025,4
2025-04-24,白沙屯,2236,3,2025,4
2025-04-25,白沙屯,1909,4,2025,4
2025-04-26,白沙屯,4471,5,2025,4
2025-04-27,白沙屯,6215,6,2025,4
2025-04-28,白沙屯,2059,0,2025,4
2025-04-29,白沙屯,3528,1,2025,4
2025-04-30,白沙屯,4842,2,2025,4
2025-05-01,白沙屯,62403,3,2025,5
2025-05-02,白沙屯,2829,4,2025,5
2025-05-03,白沙屯,1405,5,2025,5
2025-05-04,白沙屯,1336,6,2025,5
2025-05-05,白沙屯,837,0,2025,5
2025-05-06,白沙屯,817,1,2025,5
2025-05-07,白沙屯,636,2,2025,5
2025-05-08,白沙屯,1044,3,2025,5
2025-05-09,白沙屯,1948,4,2025,5
2025-05-10,白沙屯,10633,5,2025,5
2025-05-11,白沙屯,41540,6,2025,5
2025-05-12,白沙屯,4155,0,2025,5
2025-05-13,白沙屯,2115,1,2025,5
2025-05-14,白沙屯,2042,2,2025,5
2025-05-15,白沙屯,1874,3,2025,5
2025-05-16,白沙屯,1922,4,2025,5
2025-05-17,白沙屯,4147,5,2025,5
2025-05-18,白沙屯,3987,6,2025,5
2025-05-19,白沙屯,1718,0,2025,5
2025-05-20,白沙屯,1715,1,2025,5
2025-05-21,白沙屯,3684,2,2025,5
2025-05-22,白沙屯,6602,3,2025,5
2025-05-23,白沙屯,4099,4,2025,5
2025-05-24,白沙屯,6322,5,2025,5
2025-05-25,白沙屯,6678,6,2025,5
2025-05-26,白沙屯,2746,0,2025,5
2025-05-27,白沙屯,3482,1,2025,5
2025-05-28,白沙屯,2499,2,2025,5
2025-05-29,白沙屯,1330,3,2025,5
2025-05-30,白沙屯,5595,4,2025,5
2025-05-31,白沙屯,4888,5,2025,5
2025-06-01,白沙屯,5762,6,2025,6
2025-06-02,白沙屯,2942,0,2025,6
2025-06-03,白沙屯,1786,1,2025,6
2025-06-04,白沙屯,1730,2,2025,6
2025-06-05,白沙屯,2025,3,2025,6
2025-06-06,白沙屯,2314,4,2025,6
2025-06-07,白沙屯,5624,5,2025,6
2025-06-08,白沙屯,5289,6,2025,6
2025-06-09,白沙屯,2275,0,2025,6
2025-06-10,白沙屯,2150,1,2025,6
2025-06-11,白沙屯,2530,2,2025,6
2025-06-12,白沙屯,1962,3,2025,6
2025-06-13,白沙屯,1203,4,2025,6
2025-06-14,白沙屯,3715,5,2025,6
2025-06-15,白沙屯,4254,6,2025,6
2025-06-16,白沙屯,1914,0,2025,6
2025-06-17,白沙屯,1999,1,2025,6
2025-06-18,白沙屯,2108,2,2025,6
2025-06-19,白沙屯,2247,3,2025,6
2025-06-20,白沙屯,2128,4,2025,6
2025-06-21,白沙屯,4043,5,2025,6
2025-06-22,白沙屯,4086,6,2025,6
2025-06-23,白沙屯,2030,0,2025,6
2025-06-24,白沙屯,1864,1,2025,6
2025-06-25,白沙屯,1813,2,2025,6
2025-06-26,白沙屯,1668,3,2025,6
2025-06-27,白沙屯,1680,4,2025,6
2025-06-28,白沙屯,4028,5,2025,6
2025-06-29,白沙屯,3094,6,2025,6
2025-06-30,白沙屯,1783,0,2025,6
2025-07-01,白沙屯,1693,1,2025,7
2025-07-02,白沙屯,1591,2,2025,7
2025-07-03,白沙屯,1553,3,2025,7
2025-07-04,白沙屯,1556,4,2025,7
2025-07-05,白沙屯,2417,5,2025,7
2025-07-06,白沙屯,1325,6,2025,7
2025-07-07,白沙屯,467,0,2025,7
2025-07-08,白沙屯,1094,1,2025,7
2025-07-09,白沙屯,675,2,2025,7
2025-07-10,白沙屯,657,3,2025,7
2025-07-11,白沙屯,1038,4,2025,7
2025-07-12,白沙屯,2846,5,2025,7
2025-07-13,白沙屯,2694,6,2025,7
2025-07-14,白沙屯,1693,0,2025,7
2025-07-15,白沙屯,1304,1,2025,7
2025-07-16,白沙屯,1695,2,2025,7
2025-07-17,白沙屯,1503,3,2025,7
2025-07-18,白沙屯,1598,4,2025,7
2025-07-19,白沙屯,2220,5,2025,7
2025-07-20,白沙屯,2391,6,2025,7
2025-07-21,白沙屯,1304,0,2025,7
2025-07-22,白沙屯,1393,1,2025,7
2025-07-23,白沙屯,1708,2,2025,7
2025-07-24,白沙屯,1515,3,2025,7
2025-07-25,白沙屯,1147,4,2025,7
2025-07-26,白沙屯,2188,5,2025,7
2025-07-27,白沙屯,6645,6,2025,7
2025-07-28,白沙屯,1231,0,2025,7
2025-07-29,白沙屯,1084,1,2025,7
2025-07-30,白沙屯,1250,2,2025,7
2025-07-31,白沙屯,963,3,2025,7
2025-08-01,白沙屯,1218,4,2025,8
2025-08-02,白沙屯,2010,5,2025,8
2025-08-03,白沙屯,1670,6,2025,8
2025-08-04,白沙屯,935,0,2025,8
2025-08-05,白沙屯,1158,1,2025,8
2025-08-06,白沙屯,1523,2,2025,8
2025-08-07,白沙屯,1644,3,2025,8
2025-08-08,白沙屯,1619,4,2025,8
2025-08-09,白沙屯,3319,5,2025,8
2025-08-10,白沙屯,2768,6,2025,8
2025-08-11,白沙屯,1750,0,2025,8
2025-08-12,白沙屯,1209,1,2025,8
2025-08-13,白沙屯,650,2,2025,8
2025-08-14,白沙屯,950,3,2025,8
2025-08-15,白沙屯,1621,4,2025,8
2025-08-16,白沙屯,3210,5,2025,8
2025-08-17,白沙屯,3270,6,2025,8
2025-08-18,白沙屯,1510,0,2025,8
2025-08-19,白沙屯,1659,1,2025,8
2025-08-20,白沙屯,1979,2,2025,8
2025-08-21,白沙屯,1878,3,2025,8
2025-08-22,白沙屯,1976,4,2025,8
2025-08-23,白沙屯,2016,5,2025,8
2025-08-24,白沙屯,1867,6,2025,8
2025-08-25,白沙屯,1065,0,2025,8
2025-08-26,白沙屯,1010,1,2025,8
2025-08-27,白沙屯,1044,2,2025,8
2025-08-28,白沙屯,987,3,2025,8
2025-08-29,白沙屯,948,4,2025,8
2025-08-30,白沙屯,1641,5,2025,8
2025-08-31,白沙屯,1532,6,2025,8
2025-09-01,白沙屯,892,0,2025,9
2025-09-02,白沙屯,745,1,2025,9
2025-09-03,白沙屯,896,2,2025,9
2025-09-04,白沙屯,870,3,2025,9
2025-09-05,白沙屯,829,4,2025,9
2025-09-06,白沙屯,1022,5,2025,9
2025-09-07,白沙屯,1424,6,2025,9
2025-09-08,白沙屯,819,0,2025,9
2025-09-09,白沙屯,861,1,2025,9
2025-09-10,白沙屯,923,2,2025,9
2025-09-11,白沙屯,768,3,2025,9
2025-09-12,白沙屯,881,4,2025,9
2025-09-13,白沙屯,1708,5,2025,9
2025-09-14,白沙屯,1762,6,2025,9
2025-09-15,白沙屯,834,0,2025,9
2025-09-16,白沙屯,793,1,2025,9
2025-09-17,白沙屯,758,2,2025,9
2025-09-18,白沙屯,661,3,2025,9
2025-09-19,白沙屯,768,4,2025,9
2025-09-20,白沙屯,2037,5,2025,9
2025-09-21,白沙屯,1668,6,2025,9
2025-09-22,白沙屯,1081,0,2025,9
2025-09-23,白沙屯,684,1,2025,9
2025-09-24,白沙屯,1028,2,2025,9
2025-09-25,白沙屯,1446,3,2025,9
2025-09-26,白沙屯,1354,4,2025,9
2025-09-27,白沙屯,2456,5,2025,9
2025-09-28,白沙屯,3084,6,2025,9
2025-09-29,白沙屯,2380,0,2025,9
2025-09-30,白沙屯,1153,1,2025,9
2025-10-01,白沙屯,1136,2,2025,10
2025-10-02,白沙屯,1102,3,2025,10
2025-10-03,白沙屯,1050,4,2025,10
2025-10-04,白沙屯,1911,5,2025,10
2025-10-05,白沙屯,2728,6,2025,10
2025-10-06,白沙屯,1604,0,2025,10
2025-10-07,白沙屯,1210,1,2025,10
2025-10-08,白沙屯,1320,2,2025,10
2025-10-09,白沙屯,1150,3,2025,10
2025-10-10,白沙屯,2953,4,2025,10
2025-10-11,白沙屯,2736,5,2025,10
2025-10-12,白沙屯,1987,6,2025,10
2025-10-13,白沙屯,1146,0,2025,10
2025-10-14,白沙屯,1205,1,2025,10
2025-10-15,白沙屯,1145,2,2025,10
2025-10-16,白沙屯,1376,3,2025,10
2025-10-17,白沙屯,1436,4,2025,10
2025-10-18,白沙屯,2654,5,2025,10
2025-10-19,白沙屯,2432,6,2025,10
2025-10-20,白沙屯,912,0,2025,10
2025-10-21,白沙屯,609,1,2025,10
2025-10-22,白沙屯,746,2,2025,10
2025-10-23,白沙屯,1034,3,2025,10
2025-10-24,白沙屯,2505,4,2025,10
2025-10-25,白沙屯,3501,5,2025,10
2025-10-26,白沙屯,2330,6,2025,10
2025-10-27,白沙屯,1233,0,2025,10
2025-10-28,白沙屯,832,1,2025,10
2025-10-29,白沙屯,1149,2,2025,10
2025-10-30,白沙屯,1537,3,2025,10
2025-10-31,白沙屯,1336,4,2025,10
2025-11-01,白沙屯,1946,5,2025,11
2025-11-02,白沙屯,2011,6,2025,11
2025-11-03,白沙屯,1167,0,2025,11
2025-11-04,白沙屯,1301,1,2025,11
2025-11-05,白沙屯,1328,2,2025,11
2025-11-06,白沙屯,1653,3,2025,11
2025-11-07,白沙屯,1539,4,2025,11
2025-11-08,白沙屯,2852,5,2025,11
2025-11-09,白沙屯,2986,6,2025,11
2025-11-10,白沙屯,996,0,2025,11
2025-11-11,白沙屯,660,1,2025,11
2025-11-12,白沙屯,339,2,2025,11
2025-11-13,白沙屯,697,3,2025,11
2025-11-14,白沙屯,1312,4,2025,11
2025-11-15,白沙屯,3047,5,2025,11
2025-11-16,白沙屯,3181,6,2025,11
2025-11-17,白沙屯,1514,0,2025,11
2025-11-18,白沙屯,1302,1,2025,11
2025-11-19,白沙屯,1146,2,2025,11
2025-11-20,白沙屯,1304,3,2025,11
2025-11-21,白沙屯,1565,4,2025,11
2025-11-22,白沙屯,3101,5,2025,11
2025-11-23,白沙屯,3047,6,2025,11
2025-11-24,白沙屯,1643,0,2025,11
2025-11-25,白沙屯,1390,1,2025,11
2025-11-26,白沙屯,1531,2,2025,11
2025-11-27,白沙屯,1434,3,2025,11
2025-11-28,白沙屯,1499,4,2025,11
2025-11-29,白沙屯,3309,5,2025,11
2025-11-30,白沙屯,4380,6,2025,11
2025-12-01,白沙屯,1372,0,2025,12
2025-12-02,白沙屯,1616,1,2025,12
2025-12-03,白沙屯,1138,2,2025,12
2025-12-04,白沙屯,1420,3,2025,12
2025-12-05,白沙屯,1596,4,2025,12
2025-12-06,白沙屯,2681,5,2025,12
2025-12-07,白沙屯,2186,6,2025,12
2025-12-08,白沙屯,1442,0,2025,12
2025-12-09,白沙屯,1313,1,2025,12
2025-12-10,白沙屯,1662,2,2025,12
2025-12-11,白沙屯,1583,3,2025,12
2025-12-12,白沙屯,1437,4,2025,12
2025-12-13,白沙屯,2722,5,2025,12
2025-12-14,白沙屯,2616,6,2025,12
2025-12-15,白沙屯,1411,0,2025,12
2025-12-16,白沙屯,1522,1,2025,12
2025-12-17,白沙屯,1472,2,2025,12
2025-12-18,白沙屯,1525,3,2025,12
2025-12-19,白沙屯,1274,4,2025,12
2025-12-20,白沙屯,1988,5,2025,12
2025-12-21,白沙屯,2288,6,2025,12
2025-12-22,白沙屯,1428,0,2025,12
2025-12-23,白沙屯,1428,1,2025,12
2025-12-24,白沙屯,1489,2,2025,12
2025-12-25,白沙屯,2980,3,2025,12
2025-12-26,白沙屯,1321,4,2025,12
2025-12-27,白沙屯,1918,5,2025,12
2025-12-28,白沙屯,3000,6,2025,12
2025-12-29,白沙屯,1364,0,2025,12
2025-12-30,白沙屯,1381,1,2025,12
2025-12-31,白沙屯,1382,2,2025,12
2026-01-01,白沙屯,3587,3,2026,1
2026-01-02,白沙屯,1575,4,2026,1
2026-01-03,白沙屯,1988,5,2026,1
2026-01-04,白沙屯,2281,6,2026,1
2026-01-05,白沙屯,1305,0,2026,1
2026-01-06,白沙屯,1089,1,2026,1
2026-01-07,白沙屯,982,2,2026,1
2026-01-08,白沙屯,940,3,2026,1
2026-01-09,白沙屯,935,4,2026,1
2026-01-10,白沙屯,2241,5,2026,1
2026-01-11,白沙屯,2525,6,2026,1
2026-01-12,白沙屯,1109,0,2026,1
2026-01-13,白沙屯,1345,1,2026,1
2026-01-14,白沙屯,1391,2,2026,1
2026-01-15,白沙屯,1387,3,2026,1
2026-01-16,白沙屯,1316,4,2026,1
2026-01-17,白沙屯,2796,5,2026,1
2026-01-18,白沙屯,2958,6,2026,1
2026-01-19,白沙屯,1284,0,2026,1
2026-01-20,白沙屯,1213,1,2026,1
2026-01-21,白沙屯,875,2,2026,1
2026-01-22,白沙屯,835,3,2026,1
2026-01-23,白沙屯,897,4,2026,1
2026-01-24,白沙屯,2013,5,2026,1
2026-01-25,白沙屯,2545,6,2026,1
2026-01-26,白沙屯,1341,0,2026,1
2026-01-27,白沙屯,1277,1,2026,1
2026-01-28,白沙屯,1044,2,2026,1
2026-01-29,白沙屯,1368,3,2026,1
2026-01-30,白沙屯,1378,4,2026,1
2026-01-31,白沙屯,2184,5,2026,1
2026-02-01,白沙屯,1809,6,2026,2
2026-02-02,白沙屯,2964,0,2026,2
2026-02-03,白沙屯,1229,1,2026,2
2026-02-04,白沙屯,1448,2,2026,2
2026-02-05,白沙屯,1365,3,2026,2
2026-02-06,白沙屯,1298,4,2026,2
2026-02-07,白沙屯,2110,5,2026,2
2026-02-08,白沙屯,1386,6,2026,2
2026-02-09,白沙屯,956,0,2026,2
2026-02-10,白沙屯,1115,1,2026,2
2026-02-11,白沙屯,997,2,2026,2
2026-02-12,白沙屯,1020,3,2026,2
2026-02-13,白沙屯,871,4,2026,2
2026-02-14,白沙屯,1363,5,2026,2
2026-02-15,白沙屯,1220,6,2026,2
2026-02-16,白沙屯,691,0,2026,2
2026-02-17,白沙屯,7875,1,2026,2
2026-02-18,白沙屯,6654,2,2026,2
2026-02-19,白沙屯,9523,3,2026,2
2026-02-20,白沙屯,7462,4,2026,2
2026-02-21,白沙屯,5680,5,2026,2
2026-02-22,白沙屯,4039,6,2026,2
2026-02-23,白沙屯,2643,0,2026,2
2026-02-24,白沙屯,2271,1,2026,2
2026-02-25,白沙屯,2122,2,2026,2
2026-02-26,白沙屯,2379,3,2026,2
2026-02-27,白沙屯,3741,4,2026,2
2026-02-28,白沙屯,5303,5,2026,2
2026-03-01,白沙屯,2897,6,2026,3
2026-03-02,白沙屯,1505,0,2026,3
2026-03-03,白沙屯,819,1,2026,3
2026-03-04,白沙屯,1514,2,2026,3
2026-03-05,白沙屯,1565,3,2026,3
2026-03-06,白沙屯,1551,4,2026,3
2026-03-07,白沙屯,3658,5,2026,3
2026-03-08,白沙屯,3737,6,2026,3
2026-03-09,白沙屯,1709,0,2026,3
2026-03-10,白沙屯,1560,1,2026,3
2026-03-11,白沙屯,4591,2,2026,3
2026-03-12,白沙屯,4175,3,2026,3
2026-03-13,白沙屯,3769,4,2026,3
2026-03-14,白沙屯,5451,5,2026,3
2026-03-15,白沙屯,5112,6,2026,3
2026-03-16,白沙屯,3475,0,2026,3
2026-03-17,白沙屯,3348,1,2026,3
2026-03-18,白沙屯,3089,2,2026,3
2026-03-19,白沙屯,2526,3,2026,3
2026-03-20,白沙屯,2334,4,2026,3
2026-03-21,白沙屯,5229,5,2026,3
2026-03-22,白沙屯,5073,6,2026,3
2026-03-23,白沙屯,2918,0,2026,3
2026-03-24,白沙屯,3012,1,2026,3
2026-03-25,白沙屯,2769,2,2026,3
2026-03-26,白沙屯,2705,3,2026,3
2026-03-27,白沙屯,1991,4,2026,3
2026-03-28,白沙屯,4974,5,2026,3
2026-03-29,白沙屯,4896,6,2026,3
2026-03-30,白沙屯,3235,0,2026,3
2026-03-31,白沙屯,3286,1,2026,3
2026-04-01,白沙屯,70828,2,2026,4
2026-04-02,白沙屯,25087,3,2026,4
2026-04-03,白沙屯,24543,4,2026,4
2026-04-04,白沙屯,27000,5,2026,4
2026-04-05,白沙屯,19562,6,2026,4
2026-04-06,白沙屯,15731,0,2026,4
2026-04-07,白沙屯,6810,1,2026,4
2026-04-08,白沙屯,11881,2,2026,4
2026-04-09,白沙屯,9466,3,2026,4
2026-04-10,白沙屯,10799,4,2026,4
2026-04-11,白沙屯,16314,5,2026,4
2026-04-12,白沙屯,121761,6,2026,4
2026-04-13,白沙屯,13596,0,2026,4
2026-04-14,白沙屯,6696,1,2026,4
2026-04-15,白沙屯,6329,2,2026,4
2026-04-16,白沙屯,6644,3,2026,4
2026-04-17,白沙屯,13682,4,2026,4
2026-04-18,白沙屯,14925,5,2026,4
2026-04-19,白沙屯,24711,6,2026,4
2026-04-20,白沙屯,55221,0,2026,4
2026-04-21,白沙屯,6703,1,2026,4
2026-04-22,白沙屯,6718,2,2026,4
2026-04-23,白沙屯,3893,3,2026,4
2026-04-24,白沙屯,3580,4,2026,4
2026-04-25,白沙屯,7019,5,2026,4
2026-04-26,白沙屯,9283,6,2026,4
2026-04-27,白沙屯,4236,0,2026,4
2026-04-28,白沙屯,5859,1,2026,4
2026-04-29,白沙屯,4787,2,2026,4
2026-04-30,白沙屯,11944,3,2026,4
2026-05-01,白沙屯,12852,4,2026,5
2026-05-02,白沙屯,8999,5,2026,5
2026-05-03,白沙屯,6035,6,2026,5
2026-05-04,白沙屯,3094,0,2026,5
2026-05-05,白沙屯,1961,1,2026,5
2026-05-06,白沙屯,3717,2,2026,5
2026-05-07,白沙屯,3836,3,2026,5
2026-05-08,白沙屯,3564,4,2026,5
2026-05-09,白沙屯,9279,5,2026,5
2026-05-10,白沙屯,4801,6,2026,5
2026-05-11,白沙屯,2847,0,2026,5
2026-05-12,白沙屯,2424,1,2026,5
2026-05-13,白沙屯,2153,2,2026,5
2026-05-14,白沙屯,1531,3,2026,5
2026-05-15,白沙屯,2171,4,2026,5
2026-05-16,白沙屯,5483,5,2026,5
2026-05-17,白沙屯,4315,6,2026,5
2026-05-18,白沙屯,2299,0,2026,5
2026-05-19,白沙屯,2194,1,2026,5
2026-05-20,白沙屯,2705,2,2026,5
2026-05-21,白沙屯,2173,3,2026,5
2026-05-22,白沙屯,1912,4,2026,5
2026-05-23,白沙屯,4255,5,2026,5
2026-05-24,白沙屯,3568,6,2026,5
2026-05-25,白沙屯,1713,0,2026,5
2026-05-26,白沙屯,1537,1,2026,5
2026-05-27,白沙屯,1691,2,2026,5
2026-05-28,白沙屯,1403,3,2026,5
2026-05-29,白沙屯,1468,4,2026,5
2026-05-30,白沙屯,3119,5,2026,5
2026-05-31,白沙屯,3134,6,2026,5
2026-06-01,白沙屯,1570,0,2026,6
2026-06-02,白沙屯,1570,1,2026,6
2026-06-03,白沙屯,1498,2,2026,6
2026-06-04,白沙屯,1309,3,2026,6
2026-06-05,白沙屯,1055,4,2026,6
2026-06-06,白沙屯,2515,5,2026,6
2026-06-07,白沙屯,2971,6,2026,6
2026-06-08,白沙屯,997,0,2026,6
2026-06-09,白沙屯,510,1,2026,6
2026-06-10,白沙屯,579,2,2026,6
2026-06-11,白沙屯,1009,3,2026,6
2026-06-12,白沙屯,1070,4,2026,6
2026-06-13,白沙屯,2465,5,2026,6
2026-06-14,白沙屯,1809,6,2026,6
2026-06-15,白沙屯,891,0,2026,6
2026-06-16,白沙屯,1043,1,2026,6
2026-06-17,白沙屯,1205,2,2026,6
2026-06-18,白沙屯,1099,3,2026,6
2026-06-19,白沙屯,1848,4,2026,6
2026-06-20,白沙屯,3573,5,2026,6
2026-06-21,白沙屯,2600,6,2026,6
2026-06-22,白沙屯,1458,0,2026,6
2026-06-23,白沙屯,1588,1,2026,6
2026-06-24,白沙屯,1409,2,2026,6
2026-06-25,白沙屯,1029,3,2026,6
2026-06-26,白沙屯,510,4,2026,6
2026-06-27,白沙屯,1166,5,2026,6
2026-06-28,白沙屯,2514,6,2026,6
2026-06-29,白沙屯,1297,0,2026,6
2026-06-30,白沙屯,1500,1,2026,6
2026-07-01,白沙屯,1343,2,2026,7
2026-07-02,白沙屯,1408,3,2026,7
2026-07-03,白沙屯,1438,4,2026,7
2026-07-04,白沙屯,2556,5,2026,7
2026-07-05,白沙屯,2793,6,2026,7
2026-07-06,白沙屯,1355,0,2026,7
2026-07-07,白沙屯,1477,1,2026,7
2026-07-08,白沙屯,1225,2,2026,7
2026-07-09,白沙屯,1052,3,2026,7
2026-07-10,白沙屯,619,4,2026,7
2026-07-11,白沙屯,57,5,2026,7
2026-07-12,白沙屯,1316,6,2026,7
2026-07-13,白沙屯,1127,0,2026,7
2026-07-14,白沙屯,1295,1,2026,7
2026-07-15,白沙屯,1468,2,2026,7
2026-07-16,白沙屯,1394,3,2026,7
2026-07-17,白沙屯,1711,4,2026,7
2026-07-18,白沙屯,2694,5,2026,7
2026-07-19,白沙屯,2729,6,2026,7
2026-07-20,白沙屯,1317,0,2026,7
2026-07-21,白沙屯,1590,1,2026,7
2026-07-22,白沙屯,1547,2,2026,7
2026-07-23,白沙屯,1388,3,2026,7
2026-07-24,白沙屯,1636,4,2026,7
2026-07-25,白沙屯,2868,5,2026,7
2026-07-26,白沙屯,6718,6,2026,7
2026-07-27,白沙屯,1279,0,2026,7
2026-07-28,白沙屯,1357,1,2026,7
2026-07-29,白沙屯,1500,2,2026,7
2026-07-30,白沙屯,1542,3,2026,7
2026-07-31,白沙屯,1571,4,2026,7
